StoreName,Review,Keyword,Sentiment
분99 외대점,토마토해산물 쌀국수가 유명한 곳. 먹다보면 은근 매콤하다. 메뉴들이 구멍 없이 준수한 맛을 낸다. 쌀국수 해장을 즐겨하는 필자는 종종 가는 곳이다. 특별한 맛은 아니다.,토마토해산물 쌀국수,Positive
분99 외대점,토마토해산물 쌀국수가 유명한 곳. 먹다보면 은근 매콤하다. 메뉴들이 구멍 없이 준수한 맛을 낸다. 쌀국수 해장을 즐겨하는 필자는 종종 가는 곳이다. 특별한 맛은 아니다.,은근 매콤하다,Positive
분99 외대점,토마토해산물 쌀국수가 유명한 곳. 먹다보면 은근 매콤하다. 메뉴들이 구멍 없이 준수한 맛을 낸다. 쌀국수 해장을 즐겨하는 필자는 종종 가는 곳이다. 특별한 맛은 아니다.,구멍 없이 준수한 맛,Positive
분99 외대점,토마토해산물 쌀국수가 유명한 곳. 먹다보면 은근 매콤하다. 메뉴들이 구멍 없이 준수한 맛을 낸다. 쌀국수 해장을 즐겨하는 필자는 종종 가는 곳이다. 특별한 맛은 아니다.,종종 가는 곳,Positive
분99 외대점,토마토해산물 쌀국수가 유명한 곳. 먹다보면 은근 매콤하다. 메뉴들이 구멍 없이 준수한 맛을 낸다. 쌀국수 해장을 즐겨하는 필자는 종종 가는 곳이다. 특별한 맛은 아니다.,특별한 맛은 아니다,Negative
분99 외대점,맛있어서 자주 가요,맛있다,Positive
분99 외대점,음식은 정말 맛있어요. 나무젓가락이랑 테이블 재질이 위생상 조금 찝찝해요.나무젓가락 흠집 테이블 끈적임,음식 맛,Positive
분99 외대점,음식은 정말 맛있어요. 나무젓가락이랑 테이블 재질이 위생상 조금 찝찝해요.나무젓가락 흠집 테이블 끈적임,나무젓가락 위생,Negative
분99 외대점,음식은 정말 맛있어요. 나무젓가락이랑 테이블 재질이 위생상 조금 찝찝해요.나무젓가락 흠집 테이블 끈적임,테이블 재질,Negative
분99 외대점,토마토쌀국수 너무 맛있게 잘 먹었어요,토마토쌀국수,Positive
분99 외대점,토마토쌀국수 너무 맛있게 잘 먹었어요,맛있게,Positive
분99 외대점,가볍게 밥약 장소로 가기 좋은 집.분위기도 좋습니다.직원분들도 친절하십니다.,밥약 장소,Positive
분99 외대점,가볍게 밥약 장소로 가기 좋은 집.분위기도 좋습니다.직원분들도 친절하십니다.,분위기,Positive
분99 외대점,가볍게 밥약 장소로 가기 좋은 집.분위기도 좋습니다.직원분들도 친절하십니다.,직원 친절,Positive
분99 외대점,그냥저냥 먹을만한 곳임.. 찾아가서 먹을 정도는 아니예요,먹을만한,Positive
분99 외대점,그냥저냥 먹을만한 곳임.. 찾아가서 먹을 정도는 아니예요,찾아가서 먹을 정도는 아니에요,Negative
분99 외대점,과대평가된 곳이라고 느꼈습니다.평점 및 추천 요리를 보고 갔다가 평범한 맛에 의아했고 혹시나 다른 건 맛있을까 싶어서 한 번 더 가봤지만 역시나 별다른 감흥은 없었습니다.지인 두 명도 같은 의견양지 쌀국수는 평범 다른 요리는 그냥 단짠..분짜 베트남 라이스 바나나 코코넛 튀김흔한 프랜차이즈들과 비교해도 약간 부족하거나 좋게 봐줘야 비슷한 정도라고 느꼈습니다.맛있는 요리를 좋아하지만 미식가처럼 까다롭지 않은데도 여기가 맛집 평가 받는 건 이해가 안 갑니다.정직하지 않은 후기에 속은 느낌입니다..10분 이내 거리면 몰라도 멀리 산다면 굳이 가족과 차를 타고 올만큼은 아닌 듯 하네요. 집 근처 웬만한 베트남 식당에 가면 별 차이가 없을 거라고 생각합니다.한편 주차장이 없어서 근처 아무데나 대야 하는데 주변 차량들에 과태료 붙어있길래 경희대 골목에 대고 왔습니다. 그리고 가게가 외진 데 있는데다가 바로 옆은 재개발 공사장이라서 쿵쿵 소음 작렬 위치가 좀..맛 2.5점가격 2.5점 비싸진 않지만 양도 적어서 상쇄주차 및 위치 0점 종합 1.7점,평범한 맛,Negative
분99 외대점,과대평가된 곳이라고 느꼈습니다.평점 및 추천 요리를 보고 갔다가 평범한 맛에 의아했고 혹시나 다른 건 맛있을까 싶어서 한 번 더 가봤지만 역시나 별다른 감흥은 없었습니다.지인 두 명도 같은 의견양지 쌀국수는 평범 다른 요리는 그냥 단짠..분짜 베트남 라이스 바나나 코코넛 튀김흔한 프랜차이즈들과 비교해도 약간 부족하거나 좋게 봐줘야 비슷한 정도라고 느꼈습니다.맛있는 요리를 좋아하지만 미식가처럼 까다롭지 않은데도 여기가 맛집 평가 받는 건 이해가 안 갑니다.정직하지 않은 후기에 속은 느낌입니다..10분 이내 거리면 몰라도 멀리 산다면 굳이 가족과 차를 타고 올만큼은 아닌 듯 하네요. 집 근처 웬만한 베트남 식당에 가면 별 차이가 없을 거라고 생각합니다.한편 주차장이 없어서 근처 아무데나 대야 하는데 주변 차량들에 과태료 붙어있길래 경희대 골목에 대고 왔습니다. 그리고 가게가 외진 데 있는데다가 바로 옆은 재개발 공사장이라서 쿵쿵 소음 작렬 위치가 좀..맛 2.5점가격 2.5점 비싸진 않지만 양도 적어서 상쇄주차 및 위치 0점 종합 1.7점,정직하지 않은 후기,Negative
분99 외대점,과대평가된 곳이라고 느꼈습니다.평점 및 추천 요리를 보고 갔다가 평범한 맛에 의아했고 혹시나 다른 건 맛있을까 싶어서 한 번 더 가봤지만 역시나 별다른 감흥은 없었습니다.지인 두 명도 같은 의견양지 쌀국수는 평범 다른 요리는 그냥 단짠..분짜 베트남 라이스 바나나 코코넛 튀김흔한 프랜차이즈들과 비교해도 약간 부족하거나 좋게 봐줘야 비슷한 정도라고 느꼈습니다.맛있는 요리를 좋아하지만 미식가처럼 까다롭지 않은데도 여기가 맛집 평가 받는 건 이해가 안 갑니다.정직하지 않은 후기에 속은 느낌입니다..10분 이내 거리면 몰라도 멀리 산다면 굳이 가족과 차를 타고 올만큼은 아닌 듯 하네요. 집 근처 웬만한 베트남 식당에 가면 별 차이가 없을 거라고 생각합니다.한편 주차장이 없어서 근처 아무데나 대야 하는데 주변 차량들에 과태료 붙어있길래 경희대 골목에 대고 왔습니다. 그리고 가게가 외진 데 있는데다가 바로 옆은 재개발 공사장이라서 쿵쿵 소음 작렬 위치가 좀..맛 2.5점가격 2.5점 비싸진 않지만 양도 적어서 상쇄주차 및 위치 0점 종합 1.7점,양지 쌀국수는 평범,Negative
분99 외대점,과대평가된 곳이라고 느꼈습니다.평점 및 추천 요리를 보고 갔다가 평범한 맛에 의아했고 혹시나 다른 건 맛있을까 싶어서 한 번 더 가봤지만 역시나 별다른 감흥은 없었습니다.지인 두 명도 같은 의견양지 쌀국수는 평범 다른 요리는 그냥 단짠..분짜 베트남 라이스 바나나 코코넛 튀김흔한 프랜차이즈들과 비교해도 약간 부족하거나 좋게 봐줘야 비슷한 정도라고 느꼈습니다.맛있는 요리를 좋아하지만 미식가처럼 까다롭지 않은데도 여기가 맛집 평가 받는 건 이해가 안 갑니다.정직하지 않은 후기에 속은 느낌입니다..10분 이내 거리면 몰라도 멀리 산다면 굳이 가족과 차를 타고 올만큼은 아닌 듯 하네요. 집 근처 웬만한 베트남 식당에 가면 별 차이가 없을 거라고 생각합니다.한편 주차장이 없어서 근처 아무데나 대야 하는데 주변 차량들에 과태료 붙어있길래 경희대 골목에 대고 왔습니다. 그리고 가게가 외진 데 있는데다가 바로 옆은 재개발 공사장이라서 쿵쿵 소음 작렬 위치가 좀..맛 2.5점가격 2.5점 비싸진 않지만 양도 적어서 상쇄주차 및 위치 0점 종합 1.7점,재개발 공사장 소음,Negative
분99 외대점,과대평가된 곳이라고 느꼈습니다.평점 및 추천 요리를 보고 갔다가 평범한 맛에 의아했고 혹시나 다른 건 맛있을까 싶어서 한 번 더 가봤지만 역시나 별다른 감흥은 없었습니다.지인 두 명도 같은 의견양지 쌀국수는 평범 다른 요리는 그냥 단짠..분짜 베트남 라이스 바나나 코코넛 튀김흔한 프랜차이즈들과 비교해도 약간 부족하거나 좋게 봐줘야 비슷한 정도라고 느꼈습니다.맛있는 요리를 좋아하지만 미식가처럼 까다롭지 않은데도 여기가 맛집 평가 받는 건 이해가 안 갑니다.정직하지 않은 후기에 속은 느낌입니다..10분 이내 거리면 몰라도 멀리 산다면 굳이 가족과 차를 타고 올만큼은 아닌 듯 하네요. 집 근처 웬만한 베트남 식당에 가면 별 차이가 없을 거라고 생각합니다.한편 주차장이 없어서 근처 아무데나 대야 하는데 주변 차량들에 과태료 붙어있길래 경희대 골목에 대고 왔습니다. 그리고 가게가 외진 데 있는데다가 바로 옆은 재개발 공사장이라서 쿵쿵 소음 작렬 위치가 좀..맛 2.5점가격 2.5점 비싸진 않지만 양도 적어서 상쇄주차 및 위치 0점 종합 1.7점,주차 및 위치,Negative
분99 외대점,현지화 많이 안 된 곳! 고수 못 먹으면 미리 말해야 하고 에타에 잊을만하면 추천글 올라오는 곳입니다 토마토해물쌀국수 얼큰하고 양 많아요,현지화 많이 안 된,Negative
분99 외대점,현지화 많이 안 된 곳! 고수 못 먹으면 미리 말해야 하고 에타에 잊을만하면 추천글 올라오는 곳입니다 토마토해물쌀국수 얼큰하고 양 많아요,고수 못 먹으면 미리 말해야,Neutral
분99 외대점,현지화 많이 안 된 곳! 고수 못 먹으면 미리 말해야 하고 에타에 잊을만하면 추천글 올라오는 곳입니다 토마토해물쌀국수 얼큰하고 양 많아요,잊을만하면 추천글 올라오는,Positive
분99 외대점,현지화 많이 안 된 곳! 고수 못 먹으면 미리 말해야 하고 에타에 잊을만하면 추천글 올라오는 곳입니다 토마토해물쌀국수 얼큰하고 양 많아요,토마토해물쌀국수 얼큰하고 양 많아요,Positive
분99 외대점,토마토 해장템 끝판왕,토마토 해장템,Positive
분99 외대점,토마토 해장템 끝판왕,끝판왕,Positive
분99 외대점,별로다..,별로다,Negative
분99 외대점,분99 맛있어요,맛있어요,Positive
분99 외대점,언제 방문해도 토마토쌀국수 맛은 여기가 최고!! 졸업해도 생각나는 맛이다. 국물이 진하고 맵다. 생새우를 쓴다면 더 맛있을 것 같지만 학교 앞에 이정도 수준이면 대만족,토마토쌀국수 맛,Positive
분99 외대점,언제 방문해도 토마토쌀국수 맛은 여기가 최고!! 졸업해도 생각나는 맛이다. 국물이 진하고 맵다. 생새우를 쓴다면 더 맛있을 것 같지만 학교 앞에 이정도 수준이면 대만족,진한 국물,Positive
분99 외대점,언제 방문해도 토마토쌀국수 맛은 여기가 최고!! 졸업해도 생각나는 맛이다. 국물이 진하고 맵다. 생새우를 쓴다면 더 맛있을 것 같지만 학교 앞에 이정도 수준이면 대만족,맵다,Positive
분99 외대점,언제 방문해도 토마토쌀국수 맛은 여기가 최고!! 졸업해도 생각나는 맛이다. 국물이 진하고 맵다. 생새우를 쓴다면 더 맛있을 것 같지만 학교 앞에 이정도 수준이면 대만족,생새우 사용,Negative
분99 외대점,언제 방문해도 토마토쌀국수 맛은 여기가 최고!! 졸업해도 생각나는 맛이다. 국물이 진하고 맵다. 생새우를 쓴다면 더 맛있을 것 같지만 학교 앞에 이정도 수준이면 대만족,학교 앞 수준,Positive
분99 외대점,넴이랑 토마토해산물쌀국수 진짜 맛있다,토마토해산물쌀국수,Positive
분99 외대점,넴이랑 토마토해산물쌀국수 진짜 맛있다,맛있다,Positive
분99 외대점,사장님과 일하시는 분들 모두 친절합니다. 물론 음식 맛도 좋구요. 예전 베트남에서 먹던 맛과 분위기를 추억하면서 맛있게 먹었습니다.,사장님과 일하시는 분들,Positive
분99 외대점,사장님과 일하시는 분들 모두 친절합니다. 물론 음식 맛도 좋구요. 예전 베트남에서 먹던 맛과 분위기를 추억하면서 맛있게 먹었습니다.,친절합니다,Positive
분99 외대점,사장님과 일하시는 분들 모두 친절합니다. 물론 음식 맛도 좋구요. 예전 베트남에서 먹던 맛과 분위기를 추억하면서 맛있게 먹었습니다.,음식 맛,Positive
분99 외대점,사장님과 일하시는 분들 모두 친절합니다. 물론 음식 맛도 좋구요. 예전 베트남에서 먹던 맛과 분위기를 추억하면서 맛있게 먹었습니다.,베트남에서 먹던 맛과 분위기,Positive
분99 외대점,!!!분짜,맛,Positive
분99 외대점,!!!분짜,분위기,Positive
분99 외대점,!!!분짜,청결,Positive
분99 외대점,토마토쌀국수 볶음밥 강추 양이 적음 주의남자한테는 메뉴 1개당 0.6인분그래도 여긴 걍 맛있음,토마토쌀국수,Positive
분99 외대점,토마토쌀국수 볶음밥 강추 양이 적음 주의남자한테는 메뉴 1개당 0.6인분그래도 여긴 걍 맛있음,볶음밥,Positive
분99 외대점,토마토쌀국수 볶음밥 강추 양이 적음 주의남자한테는 메뉴 1개당 0.6인분그래도 여긴 걍 맛있음,양이 적음,Negative
분99 외대점,토마토쌀국수 볶음밥 강추 양이 적음 주의남자한테는 메뉴 1개당 0.6인분그래도 여긴 걍 맛있음,맛있음,Positive
분99 외대점,소고기쌀국수 무난하게 맛괜찮아요토마토해산물 쌀국수는 저는 처음먹어보는 특이한 맛이었어요! 토마토스파게티 베트남 시큼한 맛 얼큰한맛이구요 저는 괜찮았는데 향식료 안좋아하시는분들은 다른메뉴 드세요코코넛바나나가 젤맛잇어요..,소고기쌀국수,Positive
분99 외대점,소고기쌀국수 무난하게 맛괜찮아요토마토해산물 쌀국수는 저는 처음먹어보는 특이한 맛이었어요! 토마토스파게티 베트남 시큼한 맛 얼큰한맛이구요 저는 괜찮았는데 향식료 안좋아하시는분들은 다른메뉴 드세요코코넛바나나가 젤맛잇어요..,토마토해산물 쌀국수,Negative
분99 외대점,소고기쌀국수 무난하게 맛괜찮아요토마토해산물 쌀국수는 저는 처음먹어보는 특이한 맛이었어요! 토마토스파게티 베트남 시큼한 맛 얼큰한맛이구요 저는 괜찮았는데 향식료 안좋아하시는분들은 다른메뉴 드세요코코넛바나나가 젤맛잇어요..,토마토스파게티,Positive
분99 외대점,소고기쌀국수 무난하게 맛괜찮아요토마토해산물 쌀국수는 저는 처음먹어보는 특이한 맛이었어요! 토마토스파게티 베트남 시큼한 맛 얼큰한맛이구요 저는 괜찮았는데 향식료 안좋아하시는분들은 다른메뉴 드세요코코넛바나나가 젤맛잇어요..,향식료,Negative
분99 외대점,소고기쌀국수 무난하게 맛괜찮아요토마토해산물 쌀국수는 저는 처음먹어보는 특이한 맛이었어요! 토마토스파게티 베트남 시큼한 맛 얼큰한맛이구요 저는 괜찮았는데 향식료 안좋아하시는분들은 다른메뉴 드세요코코넛바나나가 젤맛잇어요..,코코넛바나나,Positive
분99 외대점,보통의 쌀국수집,쌀국수,Neutral
분99 외대점,보통의 쌀국수집,보통,Negative
분99 외대점,내입엔 안맞음,입맛에 안 맞음,Negative
분99 외대점,맛있어요! 메뉴가 딱히 다양하진 않지만 기본은 하고 양도 적당하고 좋아용,맛있어요,Positive
분99 외대점,맛있어요! 메뉴가 딱히 다양하진 않지만 기본은 하고 양도 적당하고 좋아용,메뉴 다양성,Negative
분99 외대점,맛있어요! 메뉴가 딱히 다양하진 않지만 기본은 하고 양도 적당하고 좋아용,양 적당,Positive
분99 외대점,비빔쌀국수 너무 맛있었어요..,비빔쌀국수,Positive
분99 외대점,비빔쌀국수 너무 맛있었어요..,맛있었어요,Positive
분99 외대점,쪼오끔 비싸긴 한데 무난하게 맛있어요,비싸다,Negative
분99 외대점,쪼오끔 비싸긴 한데 무난하게 맛있어요,무난하다,Positive
분99 외대점,쪼오끔 비싸긴 한데 무난하게 맛있어요,맛있다,Positive
분99 외대점,바나나튀김이 별미입니다,바나나튀김,Positive
분99 외대점,정말 맛있게 먹었어요. 인테리어 플레이팅 깔끔한 맛 다 좋았어요! 점원분도 친절하시고 다음에 친구 데리고 또 가려구요,맛있게 먹었어요,Positive
분99 외대점,정말 맛있게 먹었어요. 인테리어 플레이팅 깔끔한 맛 다 좋았어요! 점원분도 친절하시고 다음에 친구 데리고 또 가려구요,인테리어 깔끔,Positive
분99 외대점,정말 맛있게 먹었어요. 인테리어 플레이팅 깔끔한 맛 다 좋았어요! 점원분도 친절하시고 다음에 친구 데리고 또 가려구요,플레이팅 깔끔,Positive
분99 외대점,정말 맛있게 먹었어요. 인테리어 플레이팅 깔끔한 맛 다 좋았어요! 점원분도 친절하시고 다음에 친구 데리고 또 가려구요,점원 친절,Positive
분99 외대점,토해쌀의 맛을 모르는 당신불쌍하다,맛,Negative
분99 외대점,분짜랑 양지쌀국수 먹었는데 국물 원샷할 정도로 맛있었어요! 쌀국수 면은 분짜면이랑 다르게 넓적한면이에요 재방문의사 있음,분짜,Positive
분99 외대점,분짜랑 양지쌀국수 먹었는데 국물 원샷할 정도로 맛있었어요! 쌀국수 면은 분짜면이랑 다르게 넓적한면이에요 재방문의사 있음,양지쌀국수,Positive
분99 외대점,분짜랑 양지쌀국수 먹었는데 국물 원샷할 정도로 맛있었어요! 쌀국수 면은 분짜면이랑 다르게 넓적한면이에요 재방문의사 있음,국물,Positive
분99 외대점,분짜랑 양지쌀국수 먹었는데 국물 원샷할 정도로 맛있었어요! 쌀국수 면은 분짜면이랑 다르게 넓적한면이에요 재방문의사 있음,맛있었어요,Positive
분99 외대점,분짜랑 양지쌀국수 먹었는데 국물 원샷할 정도로 맛있었어요! 쌀국수 면은 분짜면이랑 다르게 넓적한면이에요 재방문의사 있음,재방문의사 있음,Positive
분99 외대점,집근처 1분거리에 있어 재택하면서 자주 포장해다 먹었는데 알바생들이 베트남현지인들이라 전화주문시 잘못알아들어 답답하고 식사시간 점심시간에 개강시즌이라 그런지 매장도 꽉차 기다려야되고배민 주문 폭주라 예약 테이크아웃 하고가도 20분이상 기다려서 바쁜 직장인 비추주말이나 저녁은 괜찮은듯식사시간 많이 바쁜데 주방을 사장님 혼자하셔서 감당이 안되는듯...바쁠때 한 요리는 티가나서 라이스 굽는 고기를 태워먹거나 서비스로 주는 반찬을 빼먹고주거나 알바생 문제거나 주방문제,전화주문,Negative
분99 외대점,집근처 1분거리에 있어 재택하면서 자주 포장해다 먹었는데 알바생들이 베트남현지인들이라 전화주문시 잘못알아들어 답답하고 식사시간 점심시간에 개강시즌이라 그런지 매장도 꽉차 기다려야되고배민 주문 폭주라 예약 테이크아웃 하고가도 20분이상 기다려서 바쁜 직장인 비추주말이나 저녁은 괜찮은듯식사시간 많이 바쁜데 주방을 사장님 혼자하셔서 감당이 안되는듯...바쁠때 한 요리는 티가나서 라이스 굽는 고기를 태워먹거나 서비스로 주는 반찬을 빼먹고주거나 알바생 문제거나 주방문제,식사시간,Negative
분99 외대점,집근처 1분거리에 있어 재택하면서 자주 포장해다 먹었는데 알바생들이 베트남현지인들이라 전화주문시 잘못알아들어 답답하고 식사시간 점심시간에 개강시즌이라 그런지 매장도 꽉차 기다려야되고배민 주문 폭주라 예약 테이크아웃 하고가도 20분이상 기다려서 바쁜 직장인 비추주말이나 저녁은 괜찮은듯식사시간 많이 바쁜데 주방을 사장님 혼자하셔서 감당이 안되는듯...바쁠때 한 요리는 티가나서 라이스 굽는 고기를 태워먹거나 서비스로 주는 반찬을 빼먹고주거나 알바생 문제거나 주방문제,주방 혼자,Negative
분99 외대점,집근처 1분거리에 있어 재택하면서 자주 포장해다 먹었는데 알바생들이 베트남현지인들이라 전화주문시 잘못알아들어 답답하고 식사시간 점심시간에 개강시즌이라 그런지 매장도 꽉차 기다려야되고배민 주문 폭주라 예약 테이크아웃 하고가도 20분이상 기다려서 바쁜 직장인 비추주말이나 저녁은 괜찮은듯식사시간 많이 바쁜데 주방을 사장님 혼자하셔서 감당이 안되는듯...바쁠때 한 요리는 티가나서 라이스 굽는 고기를 태워먹거나 서비스로 주는 반찬을 빼먹고주거나 알바생 문제거나 주방문제,라이스 굽는 고기,Negative
분99 외대점,집근처 1분거리에 있어 재택하면서 자주 포장해다 먹었는데 알바생들이 베트남현지인들이라 전화주문시 잘못알아들어 답답하고 식사시간 점심시간에 개강시즌이라 그런지 매장도 꽉차 기다려야되고배민 주문 폭주라 예약 테이크아웃 하고가도 20분이상 기다려서 바쁜 직장인 비추주말이나 저녁은 괜찮은듯식사시간 많이 바쁜데 주방을 사장님 혼자하셔서 감당이 안되는듯...바쁠때 한 요리는 티가나서 라이스 굽는 고기를 태워먹거나 서비스로 주는 반찬을 빼먹고주거나 알바생 문제거나 주방문제,서비스 반찬,Negative
분99 외대점,맛있음.,맛있음,Positive
분99 외대점,먹어본 쌀국수중 원탑강남이나 성수쪽에 있었으면 진작 맛집으로 유명해졌을 곳고기쌀국수 국물이 지림,쌀국수,Positive
분99 외대점,먹어본 쌀국수중 원탑강남이나 성수쪽에 있었으면 진작 맛집으로 유명해졌을 곳고기쌀국수 국물이 지림,원탑,Positive
분99 외대점,먹어본 쌀국수중 원탑강남이나 성수쪽에 있었으면 진작 맛집으로 유명해졌을 곳고기쌀국수 국물이 지림,강남,Positive
분99 외대점,먹어본 쌀국수중 원탑강남이나 성수쪽에 있었으면 진작 맛집으로 유명해졌을 곳고기쌀국수 국물이 지림,국물,Positive
분99 외대점,먹어본 쌀국수중 원탑강남이나 성수쪽에 있었으면 진작 맛집으로 유명해졌을 곳고기쌀국수 국물이 지림,맛집,Positive
분99 외대점,만원이면 베트남 라이스랑 쌀국수를 동시에 맛볼 수 있음!! 가성비도 맛도 좋아서 다음에도 다시 방문하고 싶음,가성비,Positive
분99 외대점,만원이면 베트남 라이스랑 쌀국수를 동시에 맛볼 수 있음!! 가성비도 맛도 좋아서 다음에도 다시 방문하고 싶음,맛,Positive
분99 외대점,외대생의 숨겨진 맛집 꼭 먹어야되는 토마토 해산물 쌀국수 분짜도 존맛,맛집,Positive
분99 외대점,외대생의 숨겨진 맛집 꼭 먹어야되는 토마토 해산물 쌀국수 분짜도 존맛,토마토 해산물 쌀국수,Positive
분99 외대점,외대생의 숨겨진 맛집 꼭 먹어야되는 토마토 해산물 쌀국수 분짜도 존맛,분짜,Positive
분99 외대점,맛도 좋고 다 좋은데 점심시간 인원 한명 더 구해서 운영해야될것 같아요.,맛,Positive
분99 외대점,맛도 좋고 다 좋은데 점심시간 인원 한명 더 구해서 운영해야될것 같아요.,점심시간 인원,Negative
분99 외대점,내가 쌀국수를 먹기 시작한 곳면 추가가 아주 근본 있다,쌀국수,Positive
분99 외대점,내가 쌀국수를 먹기 시작한 곳면 추가가 아주 근본 있다,면 추가,Positive
분99 외대점,맛있어요 재방문의사 100,맛있어요,Positive
분99 외대점,맛있어요 재방문의사 100,재방문의사,Positive
분99 외대점,정말 맛있어요 최고!,맛있어요,Positive
분99 외대점,정말 맛있어요 최고!,최고,Positive
분99 외대점,여긴 존맛입니다!!!!!!사진은 밥만 찍었지만 셋트에 분짜시켜서 둘이먹으면 고기파티에요 ,존맛,Positive
분99 외대점,여긴 존맛입니다!!!!!!사진은 밥만 찍었지만 셋트에 분짜시켜서 둘이먹으면 고기파티에요 ,고기파티,Positive
분99 외대점,분짜분짜,맛,Positive
분99 외대점,분짜분짜,청결,Positive
분99 외대점,분짜분짜,서비스,Positive
분99 외대점,분짜분짜,분위기,Positive
분99 외대점,두 번 밖에 안가봤지만 두 번 다 해산물토마토쌀국수를먹은 만큼 정말 맛있어요!! 국물도 얼큰하고 토마토와의 조화가 대박이에요추운 날씨에 먹으면 정말 좋을 것 같아요 추천해요!!,맛있어요,Positive
분99 외대점,두 번 밖에 안가봤지만 두 번 다 해산물토마토쌀국수를먹은 만큼 정말 맛있어요!! 국물도 얼큰하고 토마토와의 조화가 대박이에요추운 날씨에 먹으면 정말 좋을 것 같아요 추천해요!!,국물 얼큰,Positive
분99 외대점,두 번 밖에 안가봤지만 두 번 다 해산물토마토쌀국수를먹은 만큼 정말 맛있어요!! 국물도 얼큰하고 토마토와의 조화가 대박이에요추운 날씨에 먹으면 정말 좋을 것 같아요 추천해요!!,토마토와의 조화,Positive
분99 외대점,두 번 밖에 안가봤지만 두 번 다 해산물토마토쌀국수를먹은 만큼 정말 맛있어요!! 국물도 얼큰하고 토마토와의 조화가 대박이에요추운 날씨에 먹으면 정말 좋을 것 같아요 추천해요!!,추천,Positive
분99 외대점,전반적으로 맛있어요 후식인 바나나튀김도 맛있고요. 자리도 널찍해서 좋습니다.,맛있어요,Positive
분99 외대점,전반적으로 맛있어요 후식인 바나나튀김도 맛있고요. 자리도 널찍해서 좋습니다.,바나나튀김,Positive
분99 외대점,전반적으로 맛있어요 후식인 바나나튀김도 맛있고요. 자리도 널찍해서 좋습니다.,자리 널찍해요,Positive
분99 외대점,현지의 맛... 고기도 많아서 따끈하고 든든하다,현지의 맛,Positive
분99 외대점,현지의 맛... 고기도 많아서 따끈하고 든든하다,고기도 많아서,Positive
분99 외대점,현지의 맛... 고기도 많아서 따끈하고 든든하다,따끈하고 든든하다,Positive
분99 외대점,다른 메뉴들은 평범한 것 같은데 토마토해산물쌀국수랑 기본 소고기쌀국수 진짜 맛있어요. 토마토쌀국수 때문에라도 갑니다!,토마토해산물쌀국수,Positive
분99 외대점,다른 메뉴들은 평범한 것 같은데 토마토해산물쌀국수랑 기본 소고기쌀국수 진짜 맛있어요. 토마토쌀국수 때문에라도 갑니다!,소고기쌀국수,Positive
분99 외대점,다른 메뉴들은 평범한 것 같은데 토마토해산물쌀국수랑 기본 소고기쌀국수 진짜 맛있어요. 토마토쌀국수 때문에라도 갑니다!,다른 메뉴들은 평범하다,Negative
분99 외대점,다른 메뉴들은 평범한 것 같은데 토마토해산물쌀국수랑 기본 소고기쌀국수 진짜 맛있어요. 토마토쌀국수 때문에라도 갑니다!,토마토쌀국수 때문에 갑니다,Positive
분99 외대점,한국화되지 않은 맛이 좋아요,맛,Positive
분99 외대점,흠 이 정도는 아니었던 것 같은데 오랜만에 먹으니 존맛이네..? 근데 식기 전에 드셔유 좀 짜니까,존맛,Positive
분99 외대점,흠 이 정도는 아니었던 것 같은데 오랜만에 먹으니 존맛이네..? 근데 식기 전에 드셔유 좀 짜니까,조금 짜다,Negative
분99 외대점,베쌀은 기대보다 실망스러m고 밥이 진짜 맛있어,베쌀은 기대보다 실망스러웠다,Negative
분99 외대점,베쌀은 기대보다 실망스러m고 밥이 진짜 맛있어,밥이 진짜 맛있다,Positive
번패티번 외대,1트 닭다리살 버거 고구마프라이즈상권분석 관련 아무리 생각해도 상권분석을 잘못한 것은 아닌지.. 재개발 이후에는 좀 사람이 찰지 모르겠다만 대개 텅텅 비어있고 이문동 기반 인스타그램 유저들에게 인스타그램 광고 어마하게 집행하는 걸 보아하니.. 외대 앞에 있어서 나는 좋다만 지나갈 때마다 오래 있다 가소서 축복의 말을 전하게 됨매장 분위기 매장이 넓고 깔끔하고 깨끗해서 참 쾌적함. 특히 2층 진짜 깔끔하고 넓어서 카페 뺨치게 모임하기에도 좋을 듯번 퀄리티 비싸지만 맛있다. 본인은 소고기 패티를 좋아하지 않고 치킨을 사랑함으로 비주류 메뉴인 닭다리살 치킨버거를 고름. 일단 치킨은 참 잘 튀김. 그런데 치킨보다도 번이 진짜 남다르다. 퐁실퐁실 말랑말랑 보드럽고 버터풍미가 참 좋다.소스 닭다리살 치킨버거의 경우 딥피클과 스파이시 중 소스를 고르게 되어있음. 스파이시가 새콤매콤맵지는 않음. 딱 느끼한 거 잡아주는 정도한 것이 튀김이랑 먹기에 궁합이 좋았음. 직원에게 물어보니 딥피클은 고소한 맛이고 느끼한 거 잡아주는 용도로 스파이시를 추천해줬음. 밸런스 겉으로 봤을 때 번이 몹시 두꺼워보여서 번과 토핑 밸런스가 안 맞을 것만 같은데 막상 먹어보면 번과 토핑 사이 공간이 비어있어서 밸런스가 좋음. 추가의견 야채특히 양상추 너무 적게 들어가 있어서 담엔 야채 추가1000원할 듯고구마프라이즈 고구마 프라이즈는 딱 아는 그 맛. 속이 꽉 차고 달달하다. 그런데 양과 맛에 비해 비싼 편인 듯. 맛은 있다만 가성비가 제일 중요한 내 기준에서는 비싸서 다음에는 못 시켜먹을 듯.총평 재방문 의사 닭가슴살 버거를 먹어보고싶음.2트 닭가슴살 버거 야채추가갠적으로 닭다리살보다 맛있었음. 진짜 건강버거임. 닭가슴살이 제대로된 닭가슴살임. 운동할 때 먹는 정말 스트링치즈처럼 결결이 찢기는 퍽퍽 닭가슴살. 야채 추가했더니 양파랑 토마토 많이 넣어줌.3트 닭다리살 버거걍 맛남,매장 분위기,Positive
번패티번 외대,1트 닭다리살 버거 고구마프라이즈상권분석 관련 아무리 생각해도 상권분석을 잘못한 것은 아닌지.. 재개발 이후에는 좀 사람이 찰지 모르겠다만 대개 텅텅 비어있고 이문동 기반 인스타그램 유저들에게 인스타그램 광고 어마하게 집행하는 걸 보아하니.. 외대 앞에 있어서 나는 좋다만 지나갈 때마다 오래 있다 가소서 축복의 말을 전하게 됨매장 분위기 매장이 넓고 깔끔하고 깨끗해서 참 쾌적함. 특히 2층 진짜 깔끔하고 넓어서 카페 뺨치게 모임하기에도 좋을 듯번 퀄리티 비싸지만 맛있다. 본인은 소고기 패티를 좋아하지 않고 치킨을 사랑함으로 비주류 메뉴인 닭다리살 치킨버거를 고름. 일단 치킨은 참 잘 튀김. 그런데 치킨보다도 번이 진짜 남다르다. 퐁실퐁실 말랑말랑 보드럽고 버터풍미가 참 좋다.소스 닭다리살 치킨버거의 경우 딥피클과 스파이시 중 소스를 고르게 되어있음. 스파이시가 새콤매콤맵지는 않음. 딱 느끼한 거 잡아주는 정도한 것이 튀김이랑 먹기에 궁합이 좋았음. 직원에게 물어보니 딥피클은 고소한 맛이고 느끼한 거 잡아주는 용도로 스파이시를 추천해줬음. 밸런스 겉으로 봤을 때 번이 몹시 두꺼워보여서 번과 토핑 밸런스가 안 맞을 것만 같은데 막상 먹어보면 번과 토핑 사이 공간이 비어있어서 밸런스가 좋음. 추가의견 야채특히 양상추 너무 적게 들어가 있어서 담엔 야채 추가1000원할 듯고구마프라이즈 고구마 프라이즈는 딱 아는 그 맛. 속이 꽉 차고 달달하다. 그런데 양과 맛에 비해 비싼 편인 듯. 맛은 있다만 가성비가 제일 중요한 내 기준에서는 비싸서 다음에는 못 시켜먹을 듯.총평 재방문 의사 닭가슴살 버거를 먹어보고싶음.2트 닭가슴살 버거 야채추가갠적으로 닭다리살보다 맛있었음. 진짜 건강버거임. 닭가슴살이 제대로된 닭가슴살임. 운동할 때 먹는 정말 스트링치즈처럼 결결이 찢기는 퍽퍽 닭가슴살. 야채 추가했더니 양파랑 토마토 많이 넣어줌.3트 닭다리살 버거걍 맛남,닭다리살 치킨버거,Positive
번패티번 외대,1트 닭다리살 버거 고구마프라이즈상권분석 관련 아무리 생각해도 상권분석을 잘못한 것은 아닌지.. 재개발 이후에는 좀 사람이 찰지 모르겠다만 대개 텅텅 비어있고 이문동 기반 인스타그램 유저들에게 인스타그램 광고 어마하게 집행하는 걸 보아하니.. 외대 앞에 있어서 나는 좋다만 지나갈 때마다 오래 있다 가소서 축복의 말을 전하게 됨매장 분위기 매장이 넓고 깔끔하고 깨끗해서 참 쾌적함. 특히 2층 진짜 깔끔하고 넓어서 카페 뺨치게 모임하기에도 좋을 듯번 퀄리티 비싸지만 맛있다. 본인은 소고기 패티를 좋아하지 않고 치킨을 사랑함으로 비주류 메뉴인 닭다리살 치킨버거를 고름. 일단 치킨은 참 잘 튀김. 그런데 치킨보다도 번이 진짜 남다르다. 퐁실퐁실 말랑말랑 보드럽고 버터풍미가 참 좋다.소스 닭다리살 치킨버거의 경우 딥피클과 스파이시 중 소스를 고르게 되어있음. 스파이시가 새콤매콤맵지는 않음. 딱 느끼한 거 잡아주는 정도한 것이 튀김이랑 먹기에 궁합이 좋았음. 직원에게 물어보니 딥피클은 고소한 맛이고 느끼한 거 잡아주는 용도로 스파이시를 추천해줬음. 밸런스 겉으로 봤을 때 번이 몹시 두꺼워보여서 번과 토핑 밸런스가 안 맞을 것만 같은데 막상 먹어보면 번과 토핑 사이 공간이 비어있어서 밸런스가 좋음. 추가의견 야채특히 양상추 너무 적게 들어가 있어서 담엔 야채 추가1000원할 듯고구마프라이즈 고구마 프라이즈는 딱 아는 그 맛. 속이 꽉 차고 달달하다. 그런데 양과 맛에 비해 비싼 편인 듯. 맛은 있다만 가성비가 제일 중요한 내 기준에서는 비싸서 다음에는 못 시켜먹을 듯.총평 재방문 의사 닭가슴살 버거를 먹어보고싶음.2트 닭가슴살 버거 야채추가갠적으로 닭다리살보다 맛있었음. 진짜 건강버거임. 닭가슴살이 제대로된 닭가슴살임. 운동할 때 먹는 정말 스트링치즈처럼 결결이 찢기는 퍽퍽 닭가슴살. 야채 추가했더니 양파랑 토마토 많이 넣어줌.3트 닭다리살 버거걍 맛남,고구마프라이즈 가격,Negative
번패티번 외대,1트 닭다리살 버거 고구마프라이즈상권분석 관련 아무리 생각해도 상권분석을 잘못한 것은 아닌지.. 재개발 이후에는 좀 사람이 찰지 모르겠다만 대개 텅텅 비어있고 이문동 기반 인스타그램 유저들에게 인스타그램 광고 어마하게 집행하는 걸 보아하니.. 외대 앞에 있어서 나는 좋다만 지나갈 때마다 오래 있다 가소서 축복의 말을 전하게 됨매장 분위기 매장이 넓고 깔끔하고 깨끗해서 참 쾌적함. 특히 2층 진짜 깔끔하고 넓어서 카페 뺨치게 모임하기에도 좋을 듯번 퀄리티 비싸지만 맛있다. 본인은 소고기 패티를 좋아하지 않고 치킨을 사랑함으로 비주류 메뉴인 닭다리살 치킨버거를 고름. 일단 치킨은 참 잘 튀김. 그런데 치킨보다도 번이 진짜 남다르다. 퐁실퐁실 말랑말랑 보드럽고 버터풍미가 참 좋다.소스 닭다리살 치킨버거의 경우 딥피클과 스파이시 중 소스를 고르게 되어있음. 스파이시가 새콤매콤맵지는 않음. 딱 느끼한 거 잡아주는 정도한 것이 튀김이랑 먹기에 궁합이 좋았음. 직원에게 물어보니 딥피클은 고소한 맛이고 느끼한 거 잡아주는 용도로 스파이시를 추천해줬음. 밸런스 겉으로 봤을 때 번이 몹시 두꺼워보여서 번과 토핑 밸런스가 안 맞을 것만 같은데 막상 먹어보면 번과 토핑 사이 공간이 비어있어서 밸런스가 좋음. 추가의견 야채특히 양상추 너무 적게 들어가 있어서 담엔 야채 추가1000원할 듯고구마프라이즈 고구마 프라이즈는 딱 아는 그 맛. 속이 꽉 차고 달달하다. 그런데 양과 맛에 비해 비싼 편인 듯. 맛은 있다만 가성비가 제일 중요한 내 기준에서는 비싸서 다음에는 못 시켜먹을 듯.총평 재방문 의사 닭가슴살 버거를 먹어보고싶음.2트 닭가슴살 버거 야채추가갠적으로 닭다리살보다 맛있었음. 진짜 건강버거임. 닭가슴살이 제대로된 닭가슴살임. 운동할 때 먹는 정말 스트링치즈처럼 결결이 찢기는 퍽퍽 닭가슴살. 야채 추가했더니 양파랑 토마토 많이 넣어줌.3트 닭다리살 버거걍 맛남,번과 토핑 밸런스,Positive
번패티번 외대,1트 닭다리살 버거 고구마프라이즈상권분석 관련 아무리 생각해도 상권분석을 잘못한 것은 아닌지.. 재개발 이후에는 좀 사람이 찰지 모르겠다만 대개 텅텅 비어있고 이문동 기반 인스타그램 유저들에게 인스타그램 광고 어마하게 집행하는 걸 보아하니.. 외대 앞에 있어서 나는 좋다만 지나갈 때마다 오래 있다 가소서 축복의 말을 전하게 됨매장 분위기 매장이 넓고 깔끔하고 깨끗해서 참 쾌적함. 특히 2층 진짜 깔끔하고 넓어서 카페 뺨치게 모임하기에도 좋을 듯번 퀄리티 비싸지만 맛있다. 본인은 소고기 패티를 좋아하지 않고 치킨을 사랑함으로 비주류 메뉴인 닭다리살 치킨버거를 고름. 일단 치킨은 참 잘 튀김. 그런데 치킨보다도 번이 진짜 남다르다. 퐁실퐁실 말랑말랑 보드럽고 버터풍미가 참 좋다.소스 닭다리살 치킨버거의 경우 딥피클과 스파이시 중 소스를 고르게 되어있음. 스파이시가 새콤매콤맵지는 않음. 딱 느끼한 거 잡아주는 정도한 것이 튀김이랑 먹기에 궁합이 좋았음. 직원에게 물어보니 딥피클은 고소한 맛이고 느끼한 거 잡아주는 용도로 스파이시를 추천해줬음. 밸런스 겉으로 봤을 때 번이 몹시 두꺼워보여서 번과 토핑 밸런스가 안 맞을 것만 같은데 막상 먹어보면 번과 토핑 사이 공간이 비어있어서 밸런스가 좋음. 추가의견 야채특히 양상추 너무 적게 들어가 있어서 담엔 야채 추가1000원할 듯고구마프라이즈 고구마 프라이즈는 딱 아는 그 맛. 속이 꽉 차고 달달하다. 그런데 양과 맛에 비해 비싼 편인 듯. 맛은 있다만 가성비가 제일 중요한 내 기준에서는 비싸서 다음에는 못 시켜먹을 듯.총평 재방문 의사 닭가슴살 버거를 먹어보고싶음.2트 닭가슴살 버거 야채추가갠적으로 닭다리살보다 맛있었음. 진짜 건강버거임. 닭가슴살이 제대로된 닭가슴살임. 운동할 때 먹는 정말 스트링치즈처럼 결결이 찢기는 퍽퍽 닭가슴살. 야채 추가했더니 양파랑 토마토 많이 넣어줌.3트 닭다리살 버거걍 맛남,야채 양,Negative
번패티번 외대,전체적으로 별로 였습니다.가격 맛 서비스 전부요.버거 4개 프라이 2개 시켰는데가슴살은 결이 질기고양파는 타서 탄내와 탄맛이 납니다.프라이 소스는 굳어서 먹기 힘들었습니다.,가격,Negative
번패티번 외대,전체적으로 별로 였습니다.가격 맛 서비스 전부요.버거 4개 프라이 2개 시켰는데가슴살은 결이 질기고양파는 타서 탄내와 탄맛이 납니다.프라이 소스는 굳어서 먹기 힘들었습니다.,맛,Negative
번패티번 외대,전체적으로 별로 였습니다.가격 맛 서비스 전부요.버거 4개 프라이 2개 시켰는데가슴살은 결이 질기고양파는 타서 탄내와 탄맛이 납니다.프라이 소스는 굳어서 먹기 힘들었습니다.,서비스,Negative
번패티번 외대,전체적으로 별로 였습니다.가격 맛 서비스 전부요.버거 4개 프라이 2개 시켰는데가슴살은 결이 질기고양파는 타서 탄내와 탄맛이 납니다.프라이 소스는 굳어서 먹기 힘들었습니다.,가슴살,Negative
번패티번 외대,전체적으로 별로 였습니다.가격 맛 서비스 전부요.버거 4개 프라이 2개 시켰는데가슴살은 결이 질기고양파는 타서 탄내와 탄맛이 납니다.프라이 소스는 굳어서 먹기 힘들었습니다.,프라이 소스,Negative
번패티번 외대,토요일 오전 11시번패티번 버거와 음료 한 잔을 시켜먹었다.요즘 유행하는 육즙이 팡팡터지는 고기고기한 버거는 아니지만 고소한 번과 맛있는 패티 한 장 소스 및 야채의 조화가 참으로 훌륭하다.버거킹 쉑쉑 파이브가이즈 프랭크버거 크치버거 맥날 등등의 프렌차이즈 중에는 가장 본인 취향에 부합하는 버거였다.아참! 그리고 당일 생산하는 빵의 특성상 아무래도 이른 시간에 방문할수록 맛있을 수도 있겠다는 생각이들어서 조만간 저녁에 먹어보고 맛을 비교해보도록 하겠다.,육즙이 팡팡터지는 고기고기한 버거가 아닌,Negative
번패티번 외대,토요일 오전 11시번패티번 버거와 음료 한 잔을 시켜먹었다.요즘 유행하는 육즙이 팡팡터지는 고기고기한 버거는 아니지만 고소한 번과 맛있는 패티 한 장 소스 및 야채의 조화가 참으로 훌륭하다.버거킹 쉑쉑 파이브가이즈 프랭크버거 크치버거 맥날 등등의 프렌차이즈 중에는 가장 본인 취향에 부합하는 버거였다.아참! 그리고 당일 생산하는 빵의 특성상 아무래도 이른 시간에 방문할수록 맛있을 수도 있겠다는 생각이들어서 조만간 저녁에 먹어보고 맛을 비교해보도록 하겠다.,고소한 번과 맛있는 패티 소스 및 야채의 조화가 훌륭하다,Positive
번패티번 외대,토요일 오전 11시번패티번 버거와 음료 한 잔을 시켜먹었다.요즘 유행하는 육즙이 팡팡터지는 고기고기한 버거는 아니지만 고소한 번과 맛있는 패티 한 장 소스 및 야채의 조화가 참으로 훌륭하다.버거킹 쉑쉑 파이브가이즈 프랭크버거 크치버거 맥날 등등의 프렌차이즈 중에는 가장 본인 취향에 부합하는 버거였다.아참! 그리고 당일 생산하는 빵의 특성상 아무래도 이른 시간에 방문할수록 맛있을 수도 있겠다는 생각이들어서 조만간 저녁에 먹어보고 맛을 비교해보도록 하겠다.,가장 본인 취향에 부합하는 버거,Positive
번패티번 외대,토요일 오전 11시번패티번 버거와 음료 한 잔을 시켜먹었다.요즘 유행하는 육즙이 팡팡터지는 고기고기한 버거는 아니지만 고소한 번과 맛있는 패티 한 장 소스 및 야채의 조화가 참으로 훌륭하다.버거킹 쉑쉑 파이브가이즈 프랭크버거 크치버거 맥날 등등의 프렌차이즈 중에는 가장 본인 취향에 부합하는 버거였다.아참! 그리고 당일 생산하는 빵의 특성상 아무래도 이른 시간에 방문할수록 맛있을 수도 있겠다는 생각이들어서 조만간 저녁에 먹어보고 맛을 비교해보도록 하겠다.,이른 시간에 방문할수록 맛있을 수도 있다,Positive
번패티번 외대,메뉴는 번패티번 버거를 먹었습니다.밸런스가 패티보단 빵에 많이 기울었습니다. 야채가 적고 입안에 들어올 때 빵의 공기층이 느껴집니다.저는 고기고기한 수제버거를 기대했으나 번패티번이라는 가게 네이밍답게 번의 존재감이 꽤 큽니다.고기만 따로 뜯어서 먹어봤는데 꽤 두껍고 육즙이 많았습니다. 다만 번을 이길 정도는 아니었습니다바로 인근에 롯데리아와 맥도날드가 있고 역쪽으로 조금 더 걸어가면 프랭크버거가 있어 다시 방문할지는 잘 모르겠습니다.감자튀김은 두꺼웠지만 잘 튀겨졌습니다. 두 명이 가면 각자 세트를 시키는 것보다 감튀4.9와 음료를 따로 시키는 게 더 경제적일 수 있습니다.,번패티번 버거,Negative
번패티번 외대,메뉴는 번패티번 버거를 먹었습니다.밸런스가 패티보단 빵에 많이 기울었습니다. 야채가 적고 입안에 들어올 때 빵의 공기층이 느껴집니다.저는 고기고기한 수제버거를 기대했으나 번패티번이라는 가게 네이밍답게 번의 존재감이 꽤 큽니다.고기만 따로 뜯어서 먹어봤는데 꽤 두껍고 육즙이 많았습니다. 다만 번을 이길 정도는 아니었습니다바로 인근에 롯데리아와 맥도날드가 있고 역쪽으로 조금 더 걸어가면 프랭크버거가 있어 다시 방문할지는 잘 모르겠습니다.감자튀김은 두꺼웠지만 잘 튀겨졌습니다. 두 명이 가면 각자 세트를 시키는 것보다 감튀4.9와 음료를 따로 시키는 게 더 경제적일 수 있습니다.,야채가 적고 빵의 공기층,Negative
번패티번 외대,메뉴는 번패티번 버거를 먹었습니다.밸런스가 패티보단 빵에 많이 기울었습니다. 야채가 적고 입안에 들어올 때 빵의 공기층이 느껴집니다.저는 고기고기한 수제버거를 기대했으나 번패티번이라는 가게 네이밍답게 번의 존재감이 꽤 큽니다.고기만 따로 뜯어서 먹어봤는데 꽤 두껍고 육즙이 많았습니다. 다만 번을 이길 정도는 아니었습니다바로 인근에 롯데리아와 맥도날드가 있고 역쪽으로 조금 더 걸어가면 프랭크버거가 있어 다시 방문할지는 잘 모르겠습니다.감자튀김은 두꺼웠지만 잘 튀겨졌습니다. 두 명이 가면 각자 세트를 시키는 것보다 감튀4.9와 음료를 따로 시키는 게 더 경제적일 수 있습니다.,고기 두껍고 육즙,Positive
번패티번 외대,메뉴는 번패티번 버거를 먹었습니다.밸런스가 패티보단 빵에 많이 기울었습니다. 야채가 적고 입안에 들어올 때 빵의 공기층이 느껴집니다.저는 고기고기한 수제버거를 기대했으나 번패티번이라는 가게 네이밍답게 번의 존재감이 꽤 큽니다.고기만 따로 뜯어서 먹어봤는데 꽤 두껍고 육즙이 많았습니다. 다만 번을 이길 정도는 아니었습니다바로 인근에 롯데리아와 맥도날드가 있고 역쪽으로 조금 더 걸어가면 프랭크버거가 있어 다시 방문할지는 잘 모르겠습니다.감자튀김은 두꺼웠지만 잘 튀겨졌습니다. 두 명이 가면 각자 세트를 시키는 것보다 감튀4.9와 음료를 따로 시키는 게 더 경제적일 수 있습니다.,감자튀김 잘 튀겨짐,Positive
번패티번 외대,메뉴는 번패티번 버거를 먹었습니다.밸런스가 패티보단 빵에 많이 기울었습니다. 야채가 적고 입안에 들어올 때 빵의 공기층이 느껴집니다.저는 고기고기한 수제버거를 기대했으나 번패티번이라는 가게 네이밍답게 번의 존재감이 꽤 큽니다.고기만 따로 뜯어서 먹어봤는데 꽤 두껍고 육즙이 많았습니다. 다만 번을 이길 정도는 아니었습니다바로 인근에 롯데리아와 맥도날드가 있고 역쪽으로 조금 더 걸어가면 프랭크버거가 있어 다시 방문할지는 잘 모르겠습니다.감자튀김은 두꺼웠지만 잘 튀겨졌습니다. 두 명이 가면 각자 세트를 시키는 것보다 감튀4.9와 음료를 따로 시키는 게 더 경제적일 수 있습니다.,경제적 선택,Positive
번패티번 외대,직원분들이 엄청 친절!!! 맛이랑 가격은 적당한 편이예요,직원분들이 엄청 친절,Positive
번패티번 외대,직원분들이 엄청 친절!!! 맛이랑 가격은 적당한 편이예요,맛이 적당한 편,Positive
번패티번 외대,직원분들이 엄청 친절!!! 맛이랑 가격은 적당한 편이예요,가격이 적당한 편,Positive
번패티번 외대,. .,음식 맛,Positive
번패티번 외대,. .,직원 서비스,Positive
번패티번 외대,. .,청결,Negative
번패티번 외대,. .,식당 분위기,Negative
번패티번 외대,가격 등에서 많이 기대를 하고 갔는데 적어도 시그니처 메뉴는 그다지 맛있지는 않았어요...진한 맛으로 따지자면 버거킹 쿼트로치즈 녹임 조합이 더 낫고요. 다만 감자튀김은 정말 맛있었음.,가격,Negative
번패티번 외대,가격 등에서 많이 기대를 하고 갔는데 적어도 시그니처 메뉴는 그다지 맛있지는 않았어요...진한 맛으로 따지자면 버거킹 쿼트로치즈 녹임 조합이 더 낫고요. 다만 감자튀김은 정말 맛있었음.,시그니처 메뉴,Negative
번패티번 외대,가격 등에서 많이 기대를 하고 갔는데 적어도 시그니처 메뉴는 그다지 맛있지는 않았어요...진한 맛으로 따지자면 버거킹 쿼트로치즈 녹임 조합이 더 낫고요. 다만 감자튀김은 정말 맛있었음.,버거킹 쿼트로치즈 녹임,Positive
번패티번 외대,가격 등에서 많이 기대를 하고 갔는데 적어도 시그니처 메뉴는 그다지 맛있지는 않았어요...진한 맛으로 따지자면 버거킹 쿼트로치즈 녹임 조합이 더 낫고요. 다만 감자튀김은 정말 맛있었음.,감자튀김,Positive
번패티번 외대,직원분들 너무너무 친절하세요기분이 좋아지는 친절함입니다버거도 맛있고 감자튀김도 훌륭하고번이 버터에 구운건지 고소하고 부드러워요부모님과 함께 즐거운 식사시간 보냈네요!!,직원분들 너무너무 친절,Positive
번패티번 외대,직원분들 너무너무 친절하세요기분이 좋아지는 친절함입니다버거도 맛있고 감자튀김도 훌륭하고번이 버터에 구운건지 고소하고 부드러워요부모님과 함께 즐거운 식사시간 보냈네요!!,버거 맛있고 감자튀김 훌륭,Positive
번패티번 외대,직원분들 너무너무 친절하세요기분이 좋아지는 친절함입니다버거도 맛있고 감자튀김도 훌륭하고번이 버터에 구운건지 고소하고 부드러워요부모님과 함께 즐거운 식사시간 보냈네요!!,번이 고소하고 부드러움,Positive
번패티번 외대,직원분들 너무너무 친절하세요기분이 좋아지는 친절함입니다버거도 맛있고 감자튀김도 훌륭하고번이 버터에 구운건지 고소하고 부드러워요부모님과 함께 즐거운 식사시간 보냈네요!!,즐거운 식사시간,Positive
번패티번 외대,직원분들이참 친절하세요그래서 맛있는 버거가 두배는 더 맛있게 느껴집니다 ,직원분들이 참 친절하세요,Positive
번패티번 외대,직원분들이참 친절하세요그래서 맛있는 버거가 두배는 더 맛있게 느껴집니다 ,맛있는 버거,Positive
번패티번 외대,최애 수제버거브랜드가 됐습니다맛있어서 비싸도 자주 가게 돼요,최애 수제버거브랜드,Positive
번패티번 외대,최애 수제버거브랜드가 됐습니다맛있어서 비싸도 자주 가게 돼요,맛있어서,Positive
번패티번 외대,최애 수제버거브랜드가 됐습니다맛있어서 비싸도 자주 가게 돼요,비싸도,Negative
번패티번 외대,매장에서 식사했는데 무엇보다 빵이 바삭하고 맛있었다. 고기도 수제버거 느낌답게 질이 좋은 게 느껴졌고 야채랑 소스 조화도 괜찮아서 상당히 만족스러운 식사를 했다. 매장이 넓고 깔끔한 점도 좋았다. 단품을 먹었는데 튀김이나 치킨도 맛있다고 하니 다음에는 그것도 시도해 봐야겠다.,빵이 바삭하고 맛있었다,Positive
번패티번 외대,매장에서 식사했는데 무엇보다 빵이 바삭하고 맛있었다. 고기도 수제버거 느낌답게 질이 좋은 게 느껴졌고 야채랑 소스 조화도 괜찮아서 상당히 만족스러운 식사를 했다. 매장이 넓고 깔끔한 점도 좋았다. 단품을 먹었는데 튀김이나 치킨도 맛있다고 하니 다음에는 그것도 시도해 봐야겠다.,고기 질이 좋았다,Positive
번패티번 외대,매장에서 식사했는데 무엇보다 빵이 바삭하고 맛있었다. 고기도 수제버거 느낌답게 질이 좋은 게 느껴졌고 야채랑 소스 조화도 괜찮아서 상당히 만족스러운 식사를 했다. 매장이 넓고 깔끔한 점도 좋았다. 단품을 먹었는데 튀김이나 치킨도 맛있다고 하니 다음에는 그것도 시도해 봐야겠다.,야채랑 소스 조화,Positive
번패티번 외대,매장에서 식사했는데 무엇보다 빵이 바삭하고 맛있었다. 고기도 수제버거 느낌답게 질이 좋은 게 느껴졌고 야채랑 소스 조화도 괜찮아서 상당히 만족스러운 식사를 했다. 매장이 넓고 깔끔한 점도 좋았다. 단품을 먹었는데 튀김이나 치킨도 맛있다고 하니 다음에는 그것도 시도해 봐야겠다.,매장이 넓고 깔끔하다,Positive
번패티번 외대,매장에서 식사했는데 무엇보다 빵이 바삭하고 맛있었다. 고기도 수제버거 느낌답게 질이 좋은 게 느껴졌고 야채랑 소스 조화도 괜찮아서 상당히 만족스러운 식사를 했다. 매장이 넓고 깔끔한 점도 좋았다. 단품을 먹었는데 튀김이나 치킨도 맛있다고 하니 다음에는 그것도 시도해 봐야겠다.,튀김이나 치킨도 맛있다고 하다,Positive
번패티번 외대,배달시켜 먹어봤는데꽤 맛있었고 아이들도 잘 먹었어요,맛있었고,Positive
번패티번 외대,배달시켜 먹어봤는데꽤 맛있었고 아이들도 잘 먹었어요,아이들도 잘 먹었어요,Positive
번패티번 외대,가성비가 매우 좋지 않습니다.주변의 햄버거 가게들에 비해 맛이 특별히 좋은 것도 아닙니다.다만 직원분들은 친절하십니다.,가성비,Negative
번패티번 외대,가성비가 매우 좋지 않습니다.주변의 햄버거 가게들에 비해 맛이 특별히 좋은 것도 아닙니다.다만 직원분들은 친절하십니다.,맛,Negative
번패티번 외대,가성비가 매우 좋지 않습니다.주변의 햄버거 가게들에 비해 맛이 특별히 좋은 것도 아닙니다.다만 직원분들은 친절하십니다.,직원 친절함,Positive
번패티번 외대,가격있는만큼 가치가 있음! 햄버거보다 치킨 튀김 강추!! 텍사스치킨 그리고 사장님이 엄청 친절하심,가격있는만큼 가치가 있음,Positive
번패티번 외대,가격있는만큼 가치가 있음! 햄버거보다 치킨 튀김 강추!! 텍사스치킨 그리고 사장님이 엄청 친절하심,치킨 튀김 강추,Positive
번패티번 외대,가격있는만큼 가치가 있음! 햄버거보다 치킨 튀김 강추!! 텍사스치킨 그리고 사장님이 엄청 친절하심,사장님이 엄청 친절하심,Positive
번패티번 외대,직원분들도 친절하고 맛도 있는데맥주 11 대박..,직원분들 친절,Positive
번패티번 외대,직원분들도 친절하고 맛도 있는데맥주 11 대박..,맛,Positive
번패티번 외대,직원분들도 친절하고 맛도 있는데맥주 11 대박..,맥주,Positive
번패티번 외대,새로 생긴 매장이여서 내부 인테리어도 너무 이쁘고 직원분들도 엄청 친절하시네요맛은 일단 빵을 매장에서 직접 구우신만큼 너무 폭신하고 촉촉하고 맛있어요!아보카도 쉬림프버거는 새우 패티안에 새우 입자도 큰데 또 따로 새우가 들어가있어서 정말 새우 버거 이름값을 했고 트리플머쉬룸은 트리플 향도 너무 안쎄고 버섯의 식감이 잘 느껴져서 좋았습니다전체적으로 수제버거의 고급진 느낌이 잘 느껴지고 보통 헤비한 햄버거들은 먹고나면 맛이 너무 강렬해서 속이 니글거릴 때가 있는데 여긴 그런거 없이 속재료들의 맛을 잘 느낄 수있게 간이 적당하게 되어있어서 속도 부담스럽지 않았고 오히려 좋았습니다다른 메뉴들도 먹어보고싶어서 또 올 예정입니다!!!,내부 인테리어,Positive
번패티번 외대,새로 생긴 매장이여서 내부 인테리어도 너무 이쁘고 직원분들도 엄청 친절하시네요맛은 일단 빵을 매장에서 직접 구우신만큼 너무 폭신하고 촉촉하고 맛있어요!아보카도 쉬림프버거는 새우 패티안에 새우 입자도 큰데 또 따로 새우가 들어가있어서 정말 새우 버거 이름값을 했고 트리플머쉬룸은 트리플 향도 너무 안쎄고 버섯의 식감이 잘 느껴져서 좋았습니다전체적으로 수제버거의 고급진 느낌이 잘 느껴지고 보통 헤비한 햄버거들은 먹고나면 맛이 너무 강렬해서 속이 니글거릴 때가 있는데 여긴 그런거 없이 속재료들의 맛을 잘 느낄 수있게 간이 적당하게 되어있어서 속도 부담스럽지 않았고 오히려 좋았습니다다른 메뉴들도 먹어보고싶어서 또 올 예정입니다!!!,직원 친절함,Positive
번패티번 외대,새로 생긴 매장이여서 내부 인테리어도 너무 이쁘고 직원분들도 엄청 친절하시네요맛은 일단 빵을 매장에서 직접 구우신만큼 너무 폭신하고 촉촉하고 맛있어요!아보카도 쉬림프버거는 새우 패티안에 새우 입자도 큰데 또 따로 새우가 들어가있어서 정말 새우 버거 이름값을 했고 트리플머쉬룸은 트리플 향도 너무 안쎄고 버섯의 식감이 잘 느껴져서 좋았습니다전체적으로 수제버거의 고급진 느낌이 잘 느껴지고 보통 헤비한 햄버거들은 먹고나면 맛이 너무 강렬해서 속이 니글거릴 때가 있는데 여긴 그런거 없이 속재료들의 맛을 잘 느낄 수있게 간이 적당하게 되어있어서 속도 부담스럽지 않았고 오히려 좋았습니다다른 메뉴들도 먹어보고싶어서 또 올 예정입니다!!!,빵 맛,Positive
번패티번 외대,새로 생긴 매장이여서 내부 인테리어도 너무 이쁘고 직원분들도 엄청 친절하시네요맛은 일단 빵을 매장에서 직접 구우신만큼 너무 폭신하고 촉촉하고 맛있어요!아보카도 쉬림프버거는 새우 패티안에 새우 입자도 큰데 또 따로 새우가 들어가있어서 정말 새우 버거 이름값을 했고 트리플머쉬룸은 트리플 향도 너무 안쎄고 버섯의 식감이 잘 느껴져서 좋았습니다전체적으로 수제버거의 고급진 느낌이 잘 느껴지고 보통 헤비한 햄버거들은 먹고나면 맛이 너무 강렬해서 속이 니글거릴 때가 있는데 여긴 그런거 없이 속재료들의 맛을 잘 느낄 수있게 간이 적당하게 되어있어서 속도 부담스럽지 않았고 오히려 좋았습니다다른 메뉴들도 먹어보고싶어서 또 올 예정입니다!!!,아보카도 쉬림프버거,Positive
번패티번 외대,새로 생긴 매장이여서 내부 인테리어도 너무 이쁘고 직원분들도 엄청 친절하시네요맛은 일단 빵을 매장에서 직접 구우신만큼 너무 폭신하고 촉촉하고 맛있어요!아보카도 쉬림프버거는 새우 패티안에 새우 입자도 큰데 또 따로 새우가 들어가있어서 정말 새우 버거 이름값을 했고 트리플머쉬룸은 트리플 향도 너무 안쎄고 버섯의 식감이 잘 느껴져서 좋았습니다전체적으로 수제버거의 고급진 느낌이 잘 느껴지고 보통 헤비한 햄버거들은 먹고나면 맛이 너무 강렬해서 속이 니글거릴 때가 있는데 여긴 그런거 없이 속재료들의 맛을 잘 느낄 수있게 간이 적당하게 되어있어서 속도 부담스럽지 않았고 오히려 좋았습니다다른 메뉴들도 먹어보고싶어서 또 올 예정입니다!!!,트리플머쉬룸 맛,Positive
번패티번 외대,일단 매장이 엄청 깔끔하고 좌석배치도 간격이 넓어서 편안하게 앉아있을 수 있었어요 브리오쉬번을 직접 구워서 버거에 사용하는데 번이 진짜 너무 맛있어요 빵만 뜯어먹고 싶을정도! 매장 직원들도 엄청 친절해서 정말 좋았습니다!,매장이 엄청 깔끔하고,Positive
번패티번 외대,일단 매장이 엄청 깔끔하고 좌석배치도 간격이 넓어서 편안하게 앉아있을 수 있었어요 브리오쉬번을 직접 구워서 버거에 사용하는데 번이 진짜 너무 맛있어요 빵만 뜯어먹고 싶을정도! 매장 직원들도 엄청 친절해서 정말 좋았습니다!,좌석배치도 간격이 넓어서,Positive
번패티번 외대,일단 매장이 엄청 깔끔하고 좌석배치도 간격이 넓어서 편안하게 앉아있을 수 있었어요 브리오쉬번을 직접 구워서 버거에 사용하는데 번이 진짜 너무 맛있어요 빵만 뜯어먹고 싶을정도! 매장 직원들도 엄청 친절해서 정말 좋았습니다!,브리오쉬번이 너무 맛있어요,Positive
번패티번 외대,일단 매장이 엄청 깔끔하고 좌석배치도 간격이 넓어서 편안하게 앉아있을 수 있었어요 브리오쉬번을 직접 구워서 버거에 사용하는데 번이 진짜 너무 맛있어요 빵만 뜯어먹고 싶을정도! 매장 직원들도 엄청 친절해서 정말 좋았습니다!,매장 직원들도 엄청 친절해서,Positive
번패티번 외대,최곱니다,최곱니다,Positive
번패티번 외대,언제 문여나 손꼽아 기다렸는데 드디어 열었네요. 매장 분위기도 화사하고 1층 층고도 높아서 확 트인 느낌이나는 게 외대 그 자체네요. 무엇보다 패티랑 번이 너무 잘 어울리고 육즙이 팍 터지는게 감칠맛이 좋네요. 맛있고 기분좋게 잘 먹었습니다.,매장 분위기,Positive
번패티번 외대,언제 문여나 손꼽아 기다렸는데 드디어 열었네요. 매장 분위기도 화사하고 1층 층고도 높아서 확 트인 느낌이나는 게 외대 그 자체네요. 무엇보다 패티랑 번이 너무 잘 어울리고 육즙이 팍 터지는게 감칠맛이 좋네요. 맛있고 기분좋게 잘 먹었습니다.,층고,Positive
번패티번 외대,언제 문여나 손꼽아 기다렸는데 드디어 열었네요. 매장 분위기도 화사하고 1층 층고도 높아서 확 트인 느낌이나는 게 외대 그 자체네요. 무엇보다 패티랑 번이 너무 잘 어울리고 육즙이 팍 터지는게 감칠맛이 좋네요. 맛있고 기분좋게 잘 먹었습니다.,패티와 번의 조화,Positive
번패티번 외대,언제 문여나 손꼽아 기다렸는데 드디어 열었네요. 매장 분위기도 화사하고 1층 층고도 높아서 확 트인 느낌이나는 게 외대 그 자체네요. 무엇보다 패티랑 번이 너무 잘 어울리고 육즙이 팍 터지는게 감칠맛이 좋네요. 맛있고 기분좋게 잘 먹었습니다.,육즙,Positive
번패티번 외대,언제 문여나 손꼽아 기다렸는데 드디어 열었네요. 매장 분위기도 화사하고 1층 층고도 높아서 확 트인 느낌이나는 게 외대 그 자체네요. 무엇보다 패티랑 번이 너무 잘 어울리고 육즙이 팍 터지는게 감칠맛이 좋네요. 맛있고 기분좋게 잘 먹었습니다.,감칠맛,Positive
무초타코,맛있어요 사이드로 나초 조금 주시고 요즘 물가 생각하면 비싼편은 아니라고 봅니다 추천추천 !,맛있어요,Positive
무초타코,맛있어요 사이드로 나초 조금 주시고 요즘 물가 생각하면 비싼편은 아니라고 봅니다 추천추천 !,나초 조금 주시고,Negative
무초타코,맛있어요 사이드로 나초 조금 주시고 요즘 물가 생각하면 비싼편은 아니라고 봅니다 추천추천 !,비싼편은 아니라고 봅니다,Positive
무초타코,맛있어요 사이드로 나초 조금 주시고 요즘 물가 생각하면 비싼편은 아니라고 봅니다 추천추천 !,추천추천,Positive
무초타코,좀 비싼 감은 있는데 먹어보면 납득가능한 퀄리티의 맛. 새우타코 진짜 맛있음. 분위기도 좋고 입 짧은 친구도 너무 맛있다며 잘 먹음,비싸다,Negative
무초타코,좀 비싼 감은 있는데 먹어보면 납득가능한 퀄리티의 맛. 새우타코 진짜 맛있음. 분위기도 좋고 입 짧은 친구도 너무 맛있다며 잘 먹음,퀄리티의 맛,Positive
무초타코,좀 비싼 감은 있는데 먹어보면 납득가능한 퀄리티의 맛. 새우타코 진짜 맛있음. 분위기도 좋고 입 짧은 친구도 너무 맛있다며 잘 먹음,새우타코,Positive
무초타코,좀 비싼 감은 있는데 먹어보면 납득가능한 퀄리티의 맛. 새우타코 진짜 맛있음. 분위기도 좋고 입 짧은 친구도 너무 맛있다며 잘 먹음,분위기,Positive
무초타코,좀 비싼 감은 있는데 먹어보면 납득가능한 퀄리티의 맛. 새우타코 진짜 맛있음. 분위기도 좋고 입 짧은 친구도 너무 맛있다며 잘 먹음,친구도 잘 먹음,Positive
무초타코,새우타코 맛있어요! ,새우타코,Positive
무초타코,약간 비싼가? 했는데 양 많고 맛있어서 그만한 가격합니다..,가격,Negative
무초타코,약간 비싼가? 했는데 양 많고 맛있어서 그만한 가격합니다..,양,Positive
무초타코,약간 비싼가? 했는데 양 많고 맛있어서 그만한 가격합니다..,맛,Positive
무초타코,멕시코로 신혼여행 다녀온 사람입니다.멕시코 만큼 맛있고 우리나라 서울 타코 집 중 원탑입니다.,맛있다,Positive
무초타코,멕시코로 신혼여행 다녀온 사람입니다.멕시코 만큼 맛있고 우리나라 서울 타코 집 중 원탑입니다.,서울 타코 집 원탑,Positive
무초타코,사장님이 엄청 친절하시네요혼맥하면서 즐기기에도 좋은곳입니다!,사장님이 엄청 친절하시네요,Positive
무초타코,사장님이 엄청 친절하시네요혼맥하면서 즐기기에도 좋은곳입니다!,혼맥하면서 즐기기에도 좋은곳,Positive
무초타코,여러가지 시켜서 먹어봤는데 전반적으로 다 맛있었어요 ,여러가지 시켜서 먹어봤는데,Positive
무초타코,여러가지 시켜서 먹어봤는데 전반적으로 다 맛있었어요 ,전반적으로 다 맛있었어요,Positive
무초타코,새우 타코 먹었는데 망고랑 잘 어울려요근데 2개 만원인데 양이 좀 아쉬움,새우 타코,Positive
무초타코,새우 타코 먹었는데 망고랑 잘 어울려요근데 2개 만원인데 양이 좀 아쉬움,망고랑 잘 어울려요,Positive
무초타코,새우 타코 먹었는데 망고랑 잘 어울려요근데 2개 만원인데 양이 좀 아쉬움,양이 좀 아쉬움,Negative
무초타코,배달로 먹었는데 넘 맛있어서 매장도 꼭 가보려고요,맛있어서,Positive
무초타코,배달로 먹었는데 넘 맛있어서 매장도 꼭 가보려고요,매장도 꼭 가보려고요,Positive
무초타코,케사디야 대존맛입니다,케사디야,Positive
무초타코,멕시코에서 먹던 그맛이에요 존맛탱,멕시코에서 먹던 그맛,Positive
무초타코,멕시코에서 먹던 그맛이에요 존맛탱,존맛탱,Positive
무초타코,돼지타코 정말 맛있어요!!,돼지타코,Positive
무초타코,돼지타코 정말 맛있어요!!,맛있어요,Positive
무초타코,카카오맵 리뷰는 정말 찐입니다 여러분 제 인생 타코집입니다 .. 타코 먹으려고 충무로에서 회기까지 왔습니다 그만큼 무초타코에 진심인편.. 제 원픽은 새우에요 꼬리까지 바삭바삭 너무 맛있어요 타코 인당 두개씩만 먹어도 배가 너무 불러요 !! 양 꽤 많습니다 !! 제가 회기 살았으면 정말 매일 갔을 것 같아요 회기쪽 사는 사람들 부럽다..,새우,Positive
무초타코,카카오맵 리뷰는 정말 찐입니다 여러분 제 인생 타코집입니다 .. 타코 먹으려고 충무로에서 회기까지 왔습니다 그만큼 무초타코에 진심인편.. 제 원픽은 새우에요 꼬리까지 바삭바삭 너무 맛있어요 타코 인당 두개씩만 먹어도 배가 너무 불러요 !! 양 꽤 많습니다 !! 제가 회기 살았으면 정말 매일 갔을 것 같아요 회기쪽 사는 사람들 부럽다..,양,Positive
무초타코,카카오맵 리뷰는 정말 찐입니다 여러분 제 인생 타코집입니다 .. 타코 먹으려고 충무로에서 회기까지 왔습니다 그만큼 무초타코에 진심인편.. 제 원픽은 새우에요 꼬리까지 바삭바삭 너무 맛있어요 타코 인당 두개씩만 먹어도 배가 너무 불러요 !! 양 꽤 많습니다 !! 제가 회기 살았으면 정말 매일 갔을 것 같아요 회기쪽 사는 사람들 부럽다..,꼬리까지 바삭바삭,Positive
무초타코,카카오맵 리뷰는 정말 찐입니다 여러분 제 인생 타코집입니다 .. 타코 먹으려고 충무로에서 회기까지 왔습니다 그만큼 무초타코에 진심인편.. 제 원픽은 새우에요 꼬리까지 바삭바삭 너무 맛있어요 타코 인당 두개씩만 먹어도 배가 너무 불러요 !! 양 꽤 많습니다 !! 제가 회기 살았으면 정말 매일 갔을 것 같아요 회기쪽 사는 사람들 부럽다..,맛있어요,Positive
무초타코,카카오맵 리뷰는 정말 찐입니다 여러분 제 인생 타코집입니다 .. 타코 먹으려고 충무로에서 회기까지 왔습니다 그만큼 무초타코에 진심인편.. 제 원픽은 새우에요 꼬리까지 바삭바삭 너무 맛있어요 타코 인당 두개씩만 먹어도 배가 너무 불러요 !! 양 꽤 많습니다 !! 제가 회기 살았으면 정말 매일 갔을 것 같아요 회기쪽 사는 사람들 부럽다..,부럽다,Positive
무초타코,품절 안되게 안유명해졌으면 좋겠다..그러나맛있어서 모든 사람들이 먹어봤으면 좋겠다..하지만 나만의 작은 타코집이었으면 좋겠다....,맛있어서,Positive
무초타코,품절 안되게 안유명해졌으면 좋겠다..그러나맛있어서 모든 사람들이 먹어봤으면 좋겠다..하지만 나만의 작은 타코집이었으면 좋겠다....,모든 사람들이 먹어봤으면 좋겠다,Positive
무초타코,품절 안되게 안유명해졌으면 좋겠다..그러나맛있어서 모든 사람들이 먹어봤으면 좋겠다..하지만 나만의 작은 타코집이었으면 좋겠다....,타코집,Positive
무초타코,회기 브리또 최애 맛집이에요! 양도 많다보니 갈 때마다 배터지게 먹고 옵니다,최애 맛집,Positive
무초타코,회기 브리또 최애 맛집이에요! 양도 많다보니 갈 때마다 배터지게 먹고 옵니다,양도 많다,Positive
무초타코,회기 브리또 최애 맛집이에요! 양도 많다보니 갈 때마다 배터지게 먹고 옵니다,배터지게 먹고 옵니다,Positive
무초타코,깔끔하교 맛있어용 맨날 먹고 싶어요,깔끔하교,Positive
무초타코,깔끔하교 맛있어용 맨날 먹고 싶어요,맛있어용,Positive
무초타코,깔끔하교 맛있어용 맨날 먹고 싶어요,맨날 먹고 싶어요,Positive
무초타코,친절한 직원분. 평범한 맛,친절한 직원분,Positive
무초타코,친절한 직원분. 평범한 맛,평범한 맛,Negative
무초타코,맛있당,맛,Positive
무초타코,너무맛있어요 매일가고파요 새우망고는 꼭 드세요,너무 맛있어요,Positive
무초타코,너무맛있어요 매일가고파요 새우망고는 꼭 드세요,매일 가고파요,Positive
무초타코,너무맛있어요 매일가고파요 새우망고는 꼭 드세요,새우망고는 꼭 드세요,Positive
무초타코,1. 둘이 가서 서로 다른 메뉴를 시킨다.2. 나눠서 먹는다.3. 맛있다.,다른 메뉴,Neutral
무초타코,1. 둘이 가서 서로 다른 메뉴를 시킨다.2. 나눠서 먹는다.3. 맛있다.,맛있다,Positive
무초타코,맛있었어용!!!!! 분위기도 좋고 단골 될 것 같아요,맛있었어용,Positive
무초타코,맛있었어용!!!!! 분위기도 좋고 단골 될 것 같아요,분위기,Positive
무초타코,맛있었어용!!!!! 분위기도 좋고 단골 될 것 같아요,단골 될 것 같아요,Positive
도란도란곱창 외대,맛있는데...! 더 바싹 구워줘잉..!,맛있는데,Positive
도란도란곱창 외대,맛있는데...! 더 바싹 구워줘잉..!,바싹 구워줘,Negative
도란도란곱창 외대,친구 가끔 오면 데려오는 맛집 야곱 존맛 진심 . 가끔 배달도 시켜먹는데 넘 마싯슴 볶음밥은 엄청!!! 맛있진 않음 살짝 밍밍 그래도 맛있음 ,맛집,Positive
도란도란곱창 외대,친구 가끔 오면 데려오는 맛집 야곱 존맛 진심 . 가끔 배달도 시켜먹는데 넘 마싯슴 볶음밥은 엄청!!! 맛있진 않음 살짝 밍밍 그래도 맛있음 ,존맛,Positive
도란도란곱창 외대,친구 가끔 오면 데려오는 맛집 야곱 존맛 진심 . 가끔 배달도 시켜먹는데 넘 마싯슴 볶음밥은 엄청!!! 맛있진 않음 살짝 밍밍 그래도 맛있음 ,볶음밥,Negative
도란도란곱창 외대,친구 가끔 오면 데려오는 맛집 야곱 존맛 진심 . 가끔 배달도 시켜먹는데 넘 마싯슴 볶음밥은 엄청!!! 맛있진 않음 살짝 밍밍 그래도 맛있음 ,배달,Positive
도란도란곱창 외대,야곱은 도란도란,맛,Positive
도란도란곱창 외대,야곱은 도란도란,위생,Positive
도란도란곱창 외대,야곱은 도란도란,서비스,Positive
도란도란곱창 외대,야곱은 도란도란,분위기,Positive
도란도란곱창 외대,야채곱창이랑 볶음밥 둘다 가성비가 미쳤고 맛도 좋았던 집 !!,야채곱창,Positive
도란도란곱창 외대,야채곱창이랑 볶음밥 둘다 가성비가 미쳤고 맛도 좋았던 집 !!,볶음밥,Positive
도란도란곱창 외대,야채곱창이랑 볶음밥 둘다 가성비가 미쳤고 맛도 좋았던 집 !!,가성비,Positive
도란도란곱창 외대,야채곱창이랑 볶음밥 둘다 가성비가 미쳤고 맛도 좋았던 집 !!,맛,Positive
도란도란곱창 외대,양념막창 먹었습니다.두번방문처음 먹었을 땐 막창이 되게많았는데 두번째 방문때는 버섯이 되게 많다고 느껴졌습니다.소주가 술술 들어갑니다 . 알바생 동남아쪽분 같은데 친절하십니다.서울에서 양념막창 땡기면 가는곳,양념막창,Positive
도란도란곱창 외대,양념막창 먹었습니다.두번방문처음 먹었을 땐 막창이 되게많았는데 두번째 방문때는 버섯이 되게 많다고 느껴졌습니다.소주가 술술 들어갑니다 . 알바생 동남아쪽분 같은데 친절하십니다.서울에서 양념막창 땡기면 가는곳,막창의 양,Negative
도란도란곱창 외대,양념막창 먹었습니다.두번방문처음 먹었을 땐 막창이 되게많았는데 두번째 방문때는 버섯이 되게 많다고 느껴졌습니다.소주가 술술 들어갑니다 . 알바생 동남아쪽분 같은데 친절하십니다.서울에서 양념막창 땡기면 가는곳,알바생,Positive
도란도란곱창 외대,양념막창 먹었습니다.두번방문처음 먹었을 땐 막창이 되게많았는데 두번째 방문때는 버섯이 되게 많다고 느껴졌습니다.소주가 술술 들어갑니다 . 알바생 동남아쪽분 같은데 친절하십니다.서울에서 양념막창 땡기면 가는곳,친절함,Positive
도란도란곱창 외대,포장은 1.5인분부터된다고함.그런데포장이싸야하는데 홀에서 먹는것보다 비싼건머지?,포장,Negative
도란도란곱창 외대,포장은 1.5인분부터된다고함.그런데포장이싸야하는데 홀에서 먹는것보다 비싼건머지?,비싼 가격,Negative
도란도란곱창 외대,음 곱창 마싯네요 굿 나오는 거 좀 오래걸리는 거 빼구우 ..,곱창 마싯다,Positive
도란도란곱창 외대,음 곱창 마싯네요 굿 나오는 거 좀 오래걸리는 거 빼구우 ..,나오는 거 오래걸린다,Negative
도란도란곱창 외대,곱창은 맛있지만 볶음밥은 별로입니다 참고하세여,곱창,Positive
도란도란곱창 외대,곱창은 맛있지만 볶음밥은 별로입니다 참고하세여,볶음밥,Negative
도란도란곱창 외대,여기는 누린내가 날때도 있고 안날때도 있는데 안나는 날에는 아주 맛잇게 먹을 수 있습니다.,누린내,Negative
도란도란곱창 외대,여기는 누린내가 날때도 있고 안날때도 있는데 안나는 날에는 아주 맛잇게 먹을 수 있습니다.,날때도 있고 안날때도 있다,Negative
도란도란곱창 외대,여기는 누린내가 날때도 있고 안날때도 있는데 안나는 날에는 아주 맛잇게 먹을 수 있습니다.,맛있게 먹을 수 있다,Positive
도란도란곱창 외대,친구와 함께 오랜만에 방문한 곱창집. 막창 4인분 주문해 먹었는데 누린내가 심해 친구 중 2명은 먹지 않고 저와 다른 친구 둘이만 먹었는데 누린내 잡으려 소주도 뿌리고 바짝 익혀 보았는데도 냄새가 잡히지 않아 결국 다 먹지 못하고 나왔습니다.,막창 누린내,Negative
도란도란곱창 외대,친구와 함께 오랜만에 방문한 곱창집. 막창 4인분 주문해 먹었는데 누린내가 심해 친구 중 2명은 먹지 않고 저와 다른 친구 둘이만 먹었는데 누린내 잡으려 소주도 뿌리고 바짝 익혀 보았는데도 냄새가 잡히지 않아 결국 다 먹지 못하고 나왔습니다.,소주 뿌림,Negative
도란도란곱창 외대,친구와 함께 오랜만에 방문한 곱창집. 막창 4인분 주문해 먹었는데 누린내가 심해 친구 중 2명은 먹지 않고 저와 다른 친구 둘이만 먹었는데 누린내 잡으려 소주도 뿌리고 바짝 익혀 보았는데도 냄새가 잡히지 않아 결국 다 먹지 못하고 나왔습니다.,바짝 익힘,Negative
도란도란곱창 외대,친구와 함께 오랜만에 방문한 곱창집. 막창 4인분 주문해 먹었는데 누린내가 심해 친구 중 2명은 먹지 않고 저와 다른 친구 둘이만 먹었는데 누린내 잡으려 소주도 뿌리고 바짝 익혀 보았는데도 냄새가 잡히지 않아 결국 다 먹지 못하고 나왔습니다.,음식 냄새,Negative
도란도란곱창 외대,너무 맛있어요 모교에 이런 맛집이 있었다니,맛집,Positive
도란도란곱창 외대,너무 맛있어요 모교에 이런 맛집이 있었다니,맛있어요,Positive
도란도란곱창 외대,전통의 맛집소금구이는 없나...?1.5인분 포장은 좀 부담,전통의 맛집,Positive
도란도란곱창 외대,전통의 맛집소금구이는 없나...?1.5인분 포장은 좀 부담,소금구이,Negative
도란도란곱창 외대,전통의 맛집소금구이는 없나...?1.5인분 포장은 좀 부담,1.5인분 포장,Negative
도란도란곱창 외대,야채곱창 맛있어요 자주 먹어요,야채곱창 맛있어요,Positive
도란도란곱창 외대,야채곱창 맛있어요 자주 먹어요,자주 먹어요,Positive
도란도란곱창 외대,맛있는데 먹으면 항상 배탈남같이먹었던 사람도 배탈남주방에서 무슨 일이 일어나는 거죠..?,맛있다,Positive
도란도란곱창 외대,맛있는데 먹으면 항상 배탈남같이먹었던 사람도 배탈남주방에서 무슨 일이 일어나는 거죠..?,배탈,Negative
도란도란곱창 외대,맛있는데 먹으면 항상 배탈남같이먹었던 사람도 배탈남주방에서 무슨 일이 일어나는 거죠..?,음식,Negative
도란도란곱창 외대,맛있는데 먹으면 항상 배탈남같이먹었던 사람도 배탈남주방에서 무슨 일이 일어나는 거죠..?,주방,Negative
도란도란곱창 외대,가성비 맛... 곱창은 여기였지... 하게 되는 맛,가성비,Positive
도란도란곱창 외대,가성비 맛... 곱창은 여기였지... 하게 되는 맛,맛,Positive
도란도란곱창 외대,가성비 맛... 곱창은 여기였지... 하게 되는 맛,곱창,Positive
도란도란곱창 외대,불친절사장 및 직원 마스크 안끼고 조리 및 포장 중21년 8월 사진 글 수정으로 인한 날짜 변경,불친절사장,Negative
도란도란곱창 외대,불친절사장 및 직원 마스크 안끼고 조리 및 포장 중21년 8월 사진 글 수정으로 인한 날짜 변경,직원 마스크 안끼고,Negative
도란도란곱창 외대,불친절사장 및 직원 마스크 안끼고 조리 및 포장 중21년 8월 사진 글 수정으로 인한 날짜 변경,조리,Negative
도란도란곱창 외대,불친절사장 및 직원 마스크 안끼고 조리 및 포장 중21년 8월 사진 글 수정으로 인한 날짜 변경,포장,Negative
도란도란곱창 외대,맛있옹,맛있옹,Positive
도란도란곱창 외대,야채곱창 막창양념 막창소금 볶음밥 먹음. 야채곱창은 하나 집어먹자마자 너무 비려서 욕부터 나왔음... 냄새는 딱히 안나는데 입에 넣으면 입에 비린 맛이 확 퍼짐... 덜익었나 싶어서 더 익혀도 살짝 나아질 뿐 답이 없음...네 명이서 갔는데 야곱 2인분에서 몇 점 씩만 먹고 바로 야곱 빼달라고 했음. 그 뒤에 시킨 막창은 괜찮았음.볶음밥은 시중에 파는 소스맛이 많이 남. 미리 비벼놨던건지 엄청 빨리 나오는데 그래도 야채곱창의 충격에 비하면 꽤 괜찮은 편곱창 그렇게 팔거면 그냥 막창만 팔아주시길...,야채곱창 비린 맛,Negative
도란도란곱창 외대,야채곱창 막창양념 막창소금 볶음밥 먹음. 야채곱창은 하나 집어먹자마자 너무 비려서 욕부터 나왔음... 냄새는 딱히 안나는데 입에 넣으면 입에 비린 맛이 확 퍼짐... 덜익었나 싶어서 더 익혀도 살짝 나아질 뿐 답이 없음...네 명이서 갔는데 야곱 2인분에서 몇 점 씩만 먹고 바로 야곱 빼달라고 했음. 그 뒤에 시킨 막창은 괜찮았음.볶음밥은 시중에 파는 소스맛이 많이 남. 미리 비벼놨던건지 엄청 빨리 나오는데 그래도 야채곱창의 충격에 비하면 꽤 괜찮은 편곱창 그렇게 팔거면 그냥 막창만 팔아주시길...,야채곱창 덜익음,Negative
도란도란곱창 외대,야채곱창 막창양념 막창소금 볶음밥 먹음. 야채곱창은 하나 집어먹자마자 너무 비려서 욕부터 나왔음... 냄새는 딱히 안나는데 입에 넣으면 입에 비린 맛이 확 퍼짐... 덜익었나 싶어서 더 익혀도 살짝 나아질 뿐 답이 없음...네 명이서 갔는데 야곱 2인분에서 몇 점 씩만 먹고 바로 야곱 빼달라고 했음. 그 뒤에 시킨 막창은 괜찮았음.볶음밥은 시중에 파는 소스맛이 많이 남. 미리 비벼놨던건지 엄청 빨리 나오는데 그래도 야채곱창의 충격에 비하면 꽤 괜찮은 편곱창 그렇게 팔거면 그냥 막창만 팔아주시길...,막창 괜찮음,Positive
도란도란곱창 외대,야채곱창 막창양념 막창소금 볶음밥 먹음. 야채곱창은 하나 집어먹자마자 너무 비려서 욕부터 나왔음... 냄새는 딱히 안나는데 입에 넣으면 입에 비린 맛이 확 퍼짐... 덜익었나 싶어서 더 익혀도 살짝 나아질 뿐 답이 없음...네 명이서 갔는데 야곱 2인분에서 몇 점 씩만 먹고 바로 야곱 빼달라고 했음. 그 뒤에 시킨 막창은 괜찮았음.볶음밥은 시중에 파는 소스맛이 많이 남. 미리 비벼놨던건지 엄청 빨리 나오는데 그래도 야채곱창의 충격에 비하면 꽤 괜찮은 편곱창 그렇게 팔거면 그냥 막창만 팔아주시길...,볶음밥 시중 소스맛,Negative
도란도란곱창 외대,야채곱창 막창양념 막창소금 볶음밥 먹음. 야채곱창은 하나 집어먹자마자 너무 비려서 욕부터 나왔음... 냄새는 딱히 안나는데 입에 넣으면 입에 비린 맛이 확 퍼짐... 덜익었나 싶어서 더 익혀도 살짝 나아질 뿐 답이 없음...네 명이서 갔는데 야곱 2인분에서 몇 점 씩만 먹고 바로 야곱 빼달라고 했음. 그 뒤에 시킨 막창은 괜찮았음.볶음밥은 시중에 파는 소스맛이 많이 남. 미리 비벼놨던건지 엄청 빨리 나오는데 그래도 야채곱창의 충격에 비하면 꽤 괜찮은 편곱창 그렇게 팔거면 그냥 막창만 팔아주시길...,볶음밥 빠른 서비스,Positive
도란도란곱창 외대,다른데에서 곱창 먹으면 여기생각밖에 안남.. 여기가 걍 찐임 가성비도 개굿,곱창,Positive
도란도란곱창 외대,다른데에서 곱창 먹으면 여기생각밖에 안남.. 여기가 걍 찐임 가성비도 개굿,가성비,Positive
도란도란곱창 외대,고등학생때부터 엄청 자주 간 찐 맛집입니다무엇보다 양이 정말 많고 사장님도 친절하십니다 가성비는 말해뭐해요고등학생때부터 간거면 아시겠죠? 여기 막창도 맛있는데 개인적으로는 야채곱창 알곱창 조합으로 많이 먹습니다 그리고 꼭 볶음밥을 드셔야해요7일에 6일 가던 그 시절도 있었지만... 종종 생각나는 그런 곳!! 추천드립니다,양이 정말 많고,Positive
도란도란곱창 외대,고등학생때부터 엄청 자주 간 찐 맛집입니다무엇보다 양이 정말 많고 사장님도 친절하십니다 가성비는 말해뭐해요고등학생때부터 간거면 아시겠죠? 여기 막창도 맛있는데 개인적으로는 야채곱창 알곱창 조합으로 많이 먹습니다 그리고 꼭 볶음밥을 드셔야해요7일에 6일 가던 그 시절도 있었지만... 종종 생각나는 그런 곳!! 추천드립니다,사장님도 친절하십니다,Positive
도란도란곱창 외대,고등학생때부터 엄청 자주 간 찐 맛집입니다무엇보다 양이 정말 많고 사장님도 친절하십니다 가성비는 말해뭐해요고등학생때부터 간거면 아시겠죠? 여기 막창도 맛있는데 개인적으로는 야채곱창 알곱창 조합으로 많이 먹습니다 그리고 꼭 볶음밥을 드셔야해요7일에 6일 가던 그 시절도 있었지만... 종종 생각나는 그런 곳!! 추천드립니다,가성비,Positive
도란도란곱창 외대,고등학생때부터 엄청 자주 간 찐 맛집입니다무엇보다 양이 정말 많고 사장님도 친절하십니다 가성비는 말해뭐해요고등학생때부터 간거면 아시겠죠? 여기 막창도 맛있는데 개인적으로는 야채곱창 알곱창 조합으로 많이 먹습니다 그리고 꼭 볶음밥을 드셔야해요7일에 6일 가던 그 시절도 있었지만... 종종 생각나는 그런 곳!! 추천드립니다,막창도 맛있다,Positive
도란도란곱창 외대,고등학생때부터 엄청 자주 간 찐 맛집입니다무엇보다 양이 정말 많고 사장님도 친절하십니다 가성비는 말해뭐해요고등학생때부터 간거면 아시겠죠? 여기 막창도 맛있는데 개인적으로는 야채곱창 알곱창 조합으로 많이 먹습니다 그리고 꼭 볶음밥을 드셔야해요7일에 6일 가던 그 시절도 있었지만... 종종 생각나는 그런 곳!! 추천드립니다,추천드립니다,Positive
도란도란곱창 외대,왜 인기가 많은지는 알겠으나 누린내가 넘 심해요 소스 많이 찍어먹으면 맛이 가려지기는 함.. 그리고 항상 너무 시끄럽고 정신없고 .. 볶음밥에 치즈추가해서 나오는건 맛있답니다 그거하나 딱 추천드림,왜 인기가 많은지,Positive
도란도란곱창 외대,왜 인기가 많은지는 알겠으나 누린내가 넘 심해요 소스 많이 찍어먹으면 맛이 가려지기는 함.. 그리고 항상 너무 시끄럽고 정신없고 .. 볶음밥에 치즈추가해서 나오는건 맛있답니다 그거하나 딱 추천드림,누린내가 넘 심해요,Negative
도란도란곱창 외대,왜 인기가 많은지는 알겠으나 누린내가 넘 심해요 소스 많이 찍어먹으면 맛이 가려지기는 함.. 그리고 항상 너무 시끄럽고 정신없고 .. 볶음밥에 치즈추가해서 나오는건 맛있답니다 그거하나 딱 추천드림,시끄럽고 정신없고,Negative
도란도란곱창 외대,왜 인기가 많은지는 알겠으나 누린내가 넘 심해요 소스 많이 찍어먹으면 맛이 가려지기는 함.. 그리고 항상 너무 시끄럽고 정신없고 .. 볶음밥에 치즈추가해서 나오는건 맛있답니다 그거하나 딱 추천드림,볶음밥에 치즈 추가,Positive
도란도란곱창 외대,왜 인기가 많은지는 알겠으나 누린내가 넘 심해요 소스 많이 찍어먹으면 맛이 가려지기는 함.. 그리고 항상 너무 시끄럽고 정신없고 .. 볶음밥에 치즈추가해서 나오는건 맛있답니다 그거하나 딱 추천드림,추천드림,Positive
도란도란곱창 외대,오돌뼈에 곱창 너무너무 맛있어요직접 가서 먹으면 사람이 너무 많아서 시켜먹는게 더 좋았어요,오돌뼈,Positive
도란도란곱창 외대,오돌뼈에 곱창 너무너무 맛있어요직접 가서 먹으면 사람이 너무 많아서 시켜먹는게 더 좋았어요,곱창,Positive
도란도란곱창 외대,오돌뼈에 곱창 너무너무 맛있어요직접 가서 먹으면 사람이 너무 많아서 시켜먹는게 더 좋았어요,맛,Positive
도란도란곱창 외대,오돌뼈에 곱창 너무너무 맛있어요직접 가서 먹으면 사람이 너무 많아서 시켜먹는게 더 좋았어요,사람이 너무 많다,Negative
도란도란곱창 외대,오돌뼈에 곱창 너무너무 맛있어요직접 가서 먹으면 사람이 너무 많아서 시켜먹는게 더 좋았어요,시켜먹는게 더 좋다,Positive
도란도란곱창 외대,맛있어요.이 가격에 이정도 맛이라면분위기도 친근하고 양도 많고자주 가야죠,맛있어요,Positive
도란도란곱창 외대,맛있어요.이 가격에 이정도 맛이라면분위기도 친근하고 양도 많고자주 가야죠,가격에 이정도 맛,Positive
도란도란곱창 외대,맛있어요.이 가격에 이정도 맛이라면분위기도 친근하고 양도 많고자주 가야죠,분위기도 친근,Positive
도란도란곱창 외대,맛있어요.이 가격에 이정도 맛이라면분위기도 친근하고 양도 많고자주 가야죠,양도 많고,Positive
도란도란곱창 외대,야채곱창2인분 볶음밥1인분야채곱창은 평범볶음밥은 심심한 김치볶음밥 느낌임. 양은 많음,야채곱창,Negative
도란도란곱창 외대,야채곱창2인분 볶음밥1인분야채곱창은 평범볶음밥은 심심한 김치볶음밥 느낌임. 양은 많음,볶음밥,Negative
도란도란곱창 외대,야채곱창2인분 볶음밥1인분야채곱창은 평범볶음밥은 심심한 김치볶음밥 느낌임. 양은 많음,양은 많음,Positive
도란도란곱창 외대,맛이별로였음.. 기대를너무해서그런가,맛이별로,Negative
도란도란곱창 외대,그냥 싸서,가격,Positive
도란도란곱창 외대,주방에서 음식 만드는 나이 지긋하신 여자분 노마스크,음식 만드는 여자분,Negative
도란도란곱창 외대,주방에서 음식 만드는 나이 지긋하신 여자분 노마스크,노마스크,Negative
도란도란곱창 외대,배달도마싯어영,배달,Positive
도란도란곱창 외대,보통의 곱창볶음. 보통의 응대.,곱창볶음,Negative
도란도란곱창 외대,보통의 곱창볶음. 보통의 응대.,응대,Negative
도란도란곱창 외대,맛은 다른 곱창집들이랑 비슷합니다장점은 가성비 갑재방문의사 있어요.,맛,Negative
도란도란곱창 외대,맛은 다른 곱창집들이랑 비슷합니다장점은 가성비 갑재방문의사 있어요.,가성비,Positive
도란도란곱창 외대,맛은 다른 곱창집들이랑 비슷합니다장점은 가성비 갑재방문의사 있어요.,재방문의사,Positive
도란도란곱창 외대,곱창에서 냄새 나고 흐물거리길래 좀더 익히려고 불 켰더니 주는대로 그냥 먹으라고 화내는 집,곱창에서 냄새,Negative
도란도란곱창 외대,곱창에서 냄새 나고 흐물거리길래 좀더 익히려고 불 켰더니 주는대로 그냥 먹으라고 화내는 집,곱창 흐물거림,Negative
도란도란곱창 외대,곱창에서 냄새 나고 흐물거리길래 좀더 익히려고 불 켰더니 주는대로 그냥 먹으라고 화내는 집,불 켰더니 화냄,Negative
도란도란곱창 외대,데이트 장소로 많이 갔던 맛집.또 가고 싶다 오돌뼈 추가해서 먹음 맛있어요!!,데이트 장소,Positive
도란도란곱창 외대,데이트 장소로 많이 갔던 맛집.또 가고 싶다 오돌뼈 추가해서 먹음 맛있어요!!,맛집,Positive
도란도란곱창 외대,데이트 장소로 많이 갔던 맛집.또 가고 싶다 오돌뼈 추가해서 먹음 맛있어요!!,맛있어요,Positive
도란도란곱창 외대,전화 받는 여자 알바생 교육좀 시키셈방문포장 주문해서 갔는데 25분 기달림이정도 기달리면 미리 말하고 좀 늦게 오라고해야되는가 아님??,전화 받는 여자 알바생,Negative
도란도란곱창 외대,전화 받는 여자 알바생 교육좀 시키셈방문포장 주문해서 갔는데 25분 기달림이정도 기달리면 미리 말하고 좀 늦게 오라고해야되는가 아님??,방문포장 주문,Negative
도란도란곱창 외대,전화 받는 여자 알바생 교육좀 시키셈방문포장 주문해서 갔는데 25분 기달림이정도 기달리면 미리 말하고 좀 늦게 오라고해야되는가 아님??,기다림,Negative
도란도란곱창 외대,맛은 그럭저럭..처음 2인분 먹고 1인분 추가해달라했더니.. 추가가 1인분은 안된다는데 이게 말이여 방구여 그럼 먹다 모자라면 무조건 2인분 추가하라는 말인가? 다신 안가고 맙니다,맛,Negative
도란도란곱창 외대,맛은 그럭저럭..처음 2인분 먹고 1인분 추가해달라했더니.. 추가가 1인분은 안된다는데 이게 말이여 방구여 그럼 먹다 모자라면 무조건 2인분 추가하라는 말인가? 다신 안가고 맙니다,1인분 추가,Negative
도란도란곱창 외대,맛은 그럭저럭..처음 2인분 먹고 1인분 추가해달라했더니.. 추가가 1인분은 안된다는데 이게 말이여 방구여 그럼 먹다 모자라면 무조건 2인분 추가하라는 말인가? 다신 안가고 맙니다,서비스,Negative
도란도란곱창 외대,먹고나면 항상 배가 아픔같이 간 사람들도 그럼이유는 모르겠음맛은 그냥 평범중하 사이의 곱창맛,배가 아픔,Negative
도란도란곱창 외대,먹고나면 항상 배가 아픔같이 간 사람들도 그럼이유는 모르겠음맛은 그냥 평범중하 사이의 곱창맛,맛은 평범,Negative
도란도란곱창 외대,먹고나면 항상 배가 아픔같이 간 사람들도 그럼이유는 모르겠음맛은 그냥 평범중하 사이의 곱창맛,곱창맛,Negative
도란도란곱창 외대,개노답,개노답,Negative
도란도란곱창 외대,포장 진짜 미쳤나 사장 바뀌었어요? 저 용기에 가득 차지도 않게 옴 알곱창야채곱창 총 2인분인데 곱도 뭔 홀에서 야채 2개 시킨 것보다 적냐? 사장 안 바뀌었으면 리뷰 좀 처보고 손님 관리 좀 해라,포장,Negative
도란도란곱창 외대,포장 진짜 미쳤나 사장 바뀌었어요? 저 용기에 가득 차지도 않게 옴 알곱창야채곱창 총 2인분인데 곱도 뭔 홀에서 야채 2개 시킨 것보다 적냐? 사장 안 바뀌었으면 리뷰 좀 처보고 손님 관리 좀 해라,양,Negative
도란도란곱창 외대,포장 진짜 미쳤나 사장 바뀌었어요? 저 용기에 가득 차지도 않게 옴 알곱창야채곱창 총 2인분인데 곱도 뭔 홀에서 야채 2개 시킨 것보다 적냐? 사장 안 바뀌었으면 리뷰 좀 처보고 손님 관리 좀 해라,서비스,Negative
도란도란곱창 외대,가성비 갑 곱창! 질이 좋다는 건 모르겠지만 자주 생각나요,가성비,Positive
도란도란곱창 외대,가성비 갑 곱창! 질이 좋다는 건 모르겠지만 자주 생각나요,질,Negative
도란도란곱창 외대,가성비 갑 곱창! 질이 좋다는 건 모르겠지만 자주 생각나요,생각나요,Positive
도란도란곱창 외대,가격이 정말 쌈!! 근데 엄청 맛있는지는 잘 모르겠어용,가격이 정말 쌈,Positive
도란도란곱창 외대,가격이 정말 쌈!! 근데 엄청 맛있는지는 잘 모르겠어용,엄청 맛있는지는 잘 모르겠어용,Negative
도란도란곱창 외대,곱창 양 많고 볶음밥도 맛있었다.,곱창 양,Positive
도란도란곱창 외대,곱창 양 많고 볶음밥도 맛있었다.,볶음밥 맛,Positive
도란도란곱창 외대,완전 별로 포장도 30분 넘게 기다린 적 많고 냄새도 많이 나고 맛도 별로 이제 안 감,포장,Negative
도란도란곱창 외대,완전 별로 포장도 30분 넘게 기다린 적 많고 냄새도 많이 나고 맛도 별로 이제 안 감,기다린 시간,Negative
도란도란곱창 외대,완전 별로 포장도 30분 넘게 기다린 적 많고 냄새도 많이 나고 맛도 별로 이제 안 감,냄새,Negative
도란도란곱창 외대,완전 별로 포장도 30분 넘게 기다린 적 많고 냄새도 많이 나고 맛도 별로 이제 안 감,맛,Negative
도란도란곱창 외대,갈때마다 배탈남...,배탈,Negative
도란도란곱창 외대,1월1일 5시 40분에사다 6시에 먹기시작. 자고일어나서 배아프고 장꼬임. 종일 물도 못마심. 아직 까지 배아픔 밥 1번먹고 설사 열라함. 음료만 마심.,배아프고 장꼬임,Negative
도란도란곱창 외대,1월1일 5시 40분에사다 6시에 먹기시작. 자고일어나서 배아프고 장꼬임. 종일 물도 못마심. 아직 까지 배아픔 밥 1번먹고 설사 열라함. 음료만 마심.,종일 물도 못마심,Negative
도란도란곱창 외대,1월1일 5시 40분에사다 6시에 먹기시작. 자고일어나서 배아프고 장꼬임. 종일 물도 못마심. 아직 까지 배아픔 밥 1번먹고 설사 열라함. 음료만 마심.,설사,Negative
도란도란곱창 외대,서울 놀러온 친구들이랑 갔는데 다들 또 먹고 싶다고 하네요..,또 먹고 싶다,Positive
도란도란곱창 외대,외대 놀러오는 친구들 무조건 여기로 데려갔음. 싫어한 사람 한 명도 없었음,친구들 데려갔음,Positive
도란도란곱창 외대,외대 놀러오는 친구들 무조건 여기로 데려갔음. 싫어한 사람 한 명도 없었음,싫어한 사람 한 명도 없었음,Positive
도란도란곱창 외대,맛있고 유명한 도란도란,맛있다,Positive
도란도란곱창 외대,맛있고 유명한 도란도란,유명하다,Positive
도란도란곱창 외대,예전에 먹고 나가는길에 누가 우에 전등 쳐서 그 위에 먼지 후두둑 떨어진거 그 테이블 곱창 위로 떨어졌는데 그거 그테이블사람들 아무도 못봐서 비위상해서 그 뒤로 안감....그리고 양은 많은데 위생은 모르겠음,전등 쳐서 먼지 떨어짐,Negative
도란도란곱창 외대,예전에 먹고 나가는길에 누가 우에 전등 쳐서 그 위에 먼지 후두둑 떨어진거 그 테이블 곱창 위로 떨어졌는데 그거 그테이블사람들 아무도 못봐서 비위상해서 그 뒤로 안감....그리고 양은 많은데 위생은 모르겠음,테이블 곱창 위로 떨어짐,Negative
도란도란곱창 외대,예전에 먹고 나가는길에 누가 우에 전등 쳐서 그 위에 먼지 후두둑 떨어진거 그 테이블 곱창 위로 떨어졌는데 그거 그테이블사람들 아무도 못봐서 비위상해서 그 뒤로 안감....그리고 양은 많은데 위생은 모르겠음,비위 상함,Negative
도란도란곱창 외대,예전에 먹고 나가는길에 누가 우에 전등 쳐서 그 위에 먼지 후두둑 떨어진거 그 테이블 곱창 위로 떨어졌는데 그거 그테이블사람들 아무도 못봐서 비위상해서 그 뒤로 안감....그리고 양은 많은데 위생은 모르겠음,양은 많음,Positive
도란도란곱창 외대,예전에 먹고 나가는길에 누가 우에 전등 쳐서 그 위에 먼지 후두둑 떨어진거 그 테이블 곱창 위로 떨어졌는데 그거 그테이블사람들 아무도 못봐서 비위상해서 그 뒤로 안감....그리고 양은 많은데 위생은 모르겠음,위생 모르겠음,Negative
도란도란곱창 외대,싸고 양 많고 맛있음.친절하심.,싸고,Positive
도란도란곱창 외대,싸고 양 많고 맛있음.친절하심.,양 많고,Positive
도란도란곱창 외대,싸고 양 많고 맛있음.친절하심.,맛있음,Positive
도란도란곱창 외대,싸고 양 많고 맛있음.친절하심.,친절하심,Positive
자가제빵선명희피자 외대,평점 높길래 시켜먹어봤음. 5점 받을 만하다고 생각콤비 올리브 추가,평점 높길래,Positive
자가제빵선명희피자 외대,평점 높길래 시켜먹어봤음. 5점 받을 만하다고 생각콤비 올리브 추가,시켜먹어봤음,Positive
자가제빵선명희피자 외대,평점 높길래 시켜먹어봤음. 5점 받을 만하다고 생각콤비 올리브 추가,5점 받을 만하다고 생각,Positive
자가제빵선명희피자 외대,저렴하지만 완전맛있어요!,저렴한,Positive
자가제빵선명희피자 외대,저렴하지만 완전맛있어요!,완전 맛있다,Positive
자가제빵선명희피자 외대,포장배달만 가능합니다. 여기보다 가성비가 더 좋은 피자집을 본 적이 없습니다.,포장배달,Negative
자가제빵선명희피자 외대,포장배달만 가능합니다. 여기보다 가성비가 더 좋은 피자집을 본 적이 없습니다.,가성비,Positive
자가제빵선명희피자 외대,포장배달만 가능합니다. 여기보다 가성비가 더 좋은 피자집을 본 적이 없습니다.,피자집,Positive
자가제빵선명희피자 외대,피자냄새부터 맛있어요포장시 5000원 할인,피자냄새,Positive
자가제빵선명희피자 외대,피자냄새부터 맛있어요포장시 5000원 할인,맛있어요,Positive
자가제빵선명희피자 외대,피자냄새부터 맛있어요포장시 5000원 할인,포장시 할인,Positive
자가제빵선명희피자 외대,사장님 친절하시고 가격도 싸요!,사장님 친절,Positive
자가제빵선명희피자 외대,사장님 친절하시고 가격도 싸요!,가격 싸다,Positive
자가제빵선명희피자 외대,사장님 친절하시고 피자도 맛있어요 완전 가성비 맛집!!!,사장님 친절,Positive
자가제빵선명희피자 외대,사장님 친절하시고 피자도 맛있어요 완전 가성비 맛집!!!,피자 맛있다,Positive
자가제빵선명희피자 외대,사장님 친절하시고 피자도 맛있어요 완전 가성비 맛집!!!,가성비 맛집,Positive
자가제빵선명희피자 외대,역시 파자는 여기밖에 없음,파자,Positive
자가제빵선명희피자 외대,바싹불고기 씬피자 맛있음갈릭디핑포장은 맛없는거수제 디핑은 맛있음재방문의사90,바싹불고기 씬피자 맛있음,Positive
자가제빵선명희피자 외대,바싹불고기 씬피자 맛있음갈릭디핑포장은 맛없는거수제 디핑은 맛있음재방문의사90,갈릭디핑포장 맛없음,Negative
자가제빵선명희피자 외대,바싹불고기 씬피자 맛있음갈릭디핑포장은 맛없는거수제 디핑은 맛있음재방문의사90,수제 디핑 맛있음,Positive
자가제빵선명희피자 외대,바싹불고기 씬피자 맛있음갈릭디핑포장은 맛없는거수제 디핑은 맛있음재방문의사90,재방문의사90,Positive
성화금탕마라탕.튀김꼬치,내가 먹어본 곳 중에 제일 깔끔한 마라탕집임,깔끔한,Positive
베브릿지 한국외대,각 나라의 음료를 소개해주던 낭만있던 컨셉에서 건강브런치 집으로 컨셉을 바꾼게 마음에 들지는 않지만 누텔라 쉐이크는 너무우우 맛있다. 제발 누텔라 쉐이크는 없애지 말아줘요. 분명 누텔라도 건강에 좋은 점이 있을꺼에요 분명한건 저를 행복하게 만들어줘요.,컨셉 변화,Negative
베브릿지 한국외대,각 나라의 음료를 소개해주던 낭만있던 컨셉에서 건강브런치 집으로 컨셉을 바꾼게 마음에 들지는 않지만 누텔라 쉐이크는 너무우우 맛있다. 제발 누텔라 쉐이크는 없애지 말아줘요. 분명 누텔라도 건강에 좋은 점이 있을꺼에요 분명한건 저를 행복하게 만들어줘요.,누텔라 쉐이크 맛,Positive
베브릿지 한국외대,각 나라의 음료를 소개해주던 낭만있던 컨셉에서 건강브런치 집으로 컨셉을 바꾼게 마음에 들지는 않지만 누텔라 쉐이크는 너무우우 맛있다. 제발 누텔라 쉐이크는 없애지 말아줘요. 분명 누텔라도 건강에 좋은 점이 있을꺼에요 분명한건 저를 행복하게 만들어줘요.,누텔라 쉐이크 유지,Positive
베브릿지 한국외대,의자가너무불편하게바뀌었어.이감성아니야,의자,Negative
베브릿지 한국외대,의자가너무불편하게바뀌었어.이감성아니야,감성,Negative
베브릿지 한국외대,요거트인 라씨와 스무디인 신또 등 다양한 음료 메뉴가 있고 맛있습니다.,요거트인 라씨,Positive
베브릿지 한국외대,요거트인 라씨와 스무디인 신또 등 다양한 음료 메뉴가 있고 맛있습니다.,스무디인 신또,Positive
베브릿지 한국외대,요거트인 라씨와 스무디인 신또 등 다양한 음료 메뉴가 있고 맛있습니다.,다양한 음료 메뉴,Positive
베브릿지 한국외대,요거트인 라씨와 스무디인 신또 등 다양한 음료 메뉴가 있고 맛있습니다.,맛있습니다,Positive
베브릿지 한국외대,음식 재료 신선 맛 좋으나 알바생 역대급으로 싸가지없음 절 어리게봐서 그런건지 옆에 대학생들 먹고가는 커피 줄땐 늦어서죄송하다하고 포장주문넣고 30분가까이 요거트볼 기다린 손님한텐 봉지던지면서 받아가라고함 ,음식 재료 신선,Positive
베브릿지 한국외대,음식 재료 신선 맛 좋으나 알바생 역대급으로 싸가지없음 절 어리게봐서 그런건지 옆에 대학생들 먹고가는 커피 줄땐 늦어서죄송하다하고 포장주문넣고 30분가까이 요거트볼 기다린 손님한텐 봉지던지면서 받아가라고함 ,맛 좋음,Positive
베브릿지 한국외대,음식 재료 신선 맛 좋으나 알바생 역대급으로 싸가지없음 절 어리게봐서 그런건지 옆에 대학생들 먹고가는 커피 줄땐 늦어서죄송하다하고 포장주문넣고 30분가까이 요거트볼 기다린 손님한텐 봉지던지면서 받아가라고함 ,알바생 싸가지없음,Negative
베브릿지 한국외대,음식 재료 신선 맛 좋으나 알바생 역대급으로 싸가지없음 절 어리게봐서 그런건지 옆에 대학생들 먹고가는 커피 줄땐 늦어서죄송하다하고 포장주문넣고 30분가까이 요거트볼 기다린 손님한텐 봉지던지면서 받아가라고함 ,늦어서 죄송하다,Negative
베브릿지 한국외대,음식 재료 신선 맛 좋으나 알바생 역대급으로 싸가지없음 절 어리게봐서 그런건지 옆에 대학생들 먹고가는 커피 줄땐 늦어서죄송하다하고 포장주문넣고 30분가까이 요거트볼 기다린 손님한텐 봉지던지면서 받아가라고함 ,봉지 던지면서 받아가라고 함,Negative
베브릿지 한국외대,베브릿지 너무 좋아 강남에서 손바닥만한 아사이볼먹다가 베브릿지 아사이볼 먹으면 감격의 눈물이 나와요 평생 운영해주시길..,손바닥만한 아사이볼,Negative
베브릿지 한국외대,베브릿지 너무 좋아 강남에서 손바닥만한 아사이볼먹다가 베브릿지 아사이볼 먹으면 감격의 눈물이 나와요 평생 운영해주시길..,베브릿지 아사이볼,Positive
베브릿지 한국외대,베브릿지 너무 좋아 강남에서 손바닥만한 아사이볼먹다가 베브릿지 아사이볼 먹으면 감격의 눈물이 나와요 평생 운영해주시길..,감격의 눈물,Positive
베브릿지 한국외대,베브릿지 너무 좋아 강남에서 손바닥만한 아사이볼먹다가 베브릿지 아사이볼 먹으면 감격의 눈물이 나와요 평생 운영해주시길..,평생 운영,Positive
베브릿지 한국외대,내가 사랑하던 메뉴 다 사라졌어...,사라진 메뉴,Negative
베브릿지 한국외대,외대앞 근본 카페 몇년째 애용중이에요,카페,Positive
베브릿지 한국외대,외대앞 근본 카페 몇년째 애용중이에요,애용중,Positive
베브릿지 한국외대,공항 컨셉 카페인데 신박한 음료도 많고 좋아요,공항 컨셉,Positive
베브릿지 한국외대,공항 컨셉 카페인데 신박한 음료도 많고 좋아요,신박한 음료,Positive
베브릿지 한국외대,컨셉도 컨셉이지만 특이한 음료가 많습니다,컨셉,Positive
베브릿지 한국외대,컨셉도 컨셉이지만 특이한 음료가 많습니다,음료,Positive
베브릿지 한국외대,컨셉도 특이하고 신기한 음료가 많아서 좋아요,컨셉,Positive
베브릿지 한국외대,컨셉도 특이하고 신기한 음료가 많아서 좋아요,특이한 음료,Positive
베브릿지 한국외대,컨셉도 특이하고 신기한 음료가 많아서 좋아요,신기한 음료,Positive
베브릿지 한국외대,맛있고 특이한 음료많아서 좋음 가게 컨셉도 독특해요,맛있고 특이한 음료,Positive
베브릿지 한국외대,맛있고 특이한 음료많아서 좋음 가게 컨셉도 독특해요,가게 컨셉,Positive
베브릿지 한국외대,땡모반 최고,땡모반,Positive
베브릿지 한국외대,사장님 돈 많이 버셨네요,사장님,Positive
베브릿지 한국외대,사장님 돈 많이 버셨네요,돈 많이 버셨네요,Positive
베브릿지 한국외대,땡모반 좋아했는데.... 버블밀크티도.....,땡모반,Positive
베브릿지 한국외대,땡모반 좋아했는데.... 버블밀크티도.....,버블밀크티,Negative
베브릿지 한국외대,좋아요!역시 맛있네요,맛있네요,Positive
베브릿지 한국외대,새내기때부터 갔는데 갈수록 음료 퀄리티는 떨어지고 가격은 올라가는게 매년 육안으로 보여요 특히 누텔라 쉐이크는 진짜 너무 창렬화 좁고 오래있을 곳은 아닌듯요 테이크아웃하거나 딴데가셈,음료 퀄리티,Negative
베브릿지 한국외대,새내기때부터 갔는데 갈수록 음료 퀄리티는 떨어지고 가격은 올라가는게 매년 육안으로 보여요 특히 누텔라 쉐이크는 진짜 너무 창렬화 좁고 오래있을 곳은 아닌듯요 테이크아웃하거나 딴데가셈,가격,Negative
베브릿지 한국외대,새내기때부터 갔는데 갈수록 음료 퀄리티는 떨어지고 가격은 올라가는게 매년 육안으로 보여요 특히 누텔라 쉐이크는 진짜 너무 창렬화 좁고 오래있을 곳은 아닌듯요 테이크아웃하거나 딴데가셈,누텔라 쉐이크,Negative
베브릿지 한국외대,새내기때부터 갔는데 갈수록 음료 퀄리티는 떨어지고 가격은 올라가는게 매년 육안으로 보여요 특히 누텔라 쉐이크는 진짜 너무 창렬화 좁고 오래있을 곳은 아닌듯요 테이크아웃하거나 딴데가셈,공간,Negative
베브릿지 한국외대,새내기때부터 갔는데 갈수록 음료 퀄리티는 떨어지고 가격은 올라가는게 매년 육안으로 보여요 특히 누텔라 쉐이크는 진짜 너무 창렬화 좁고 오래있을 곳은 아닌듯요 테이크아웃하거나 딴데가셈,창렬화,Negative
베브릿지 한국외대,외대에 친구가 놀러오면 데려갈만한 카페나라별 음료 메뉴가 있어서 좋아요공항 라운지 컨셉이라 분위기도 좋아요,나라별 음료 메뉴,Positive
베브릿지 한국외대,외대에 친구가 놀러오면 데려갈만한 카페나라별 음료 메뉴가 있어서 좋아요공항 라운지 컨셉이라 분위기도 좋아요,공항 라운지 컨셉,Positive
베브릿지 한국외대,외대에 친구가 놀러오면 데려갈만한 카페나라별 음료 메뉴가 있어서 좋아요공항 라운지 컨셉이라 분위기도 좋아요,분위기,Positive
베브릿지 한국외대,메뉴가 많이 사라지면서 특색있는 메뉴 많이 없어짐 시나몬 들어간 라떼? 같은거 시켯는데 걍 믹스커피맛양은 근데 겁나 많음가성비 좋아요 음료로 배채우기 가능 분위기는 뭔가 테이블 따닥따닥 붙어있어 애매컹스,메뉴가 많이 사라짐,Negative
베브릿지 한국외대,메뉴가 많이 사라지면서 특색있는 메뉴 많이 없어짐 시나몬 들어간 라떼? 같은거 시켯는데 걍 믹스커피맛양은 근데 겁나 많음가성비 좋아요 음료로 배채우기 가능 분위기는 뭔가 테이블 따닥따닥 붙어있어 애매컹스,특색있는 메뉴 없어짐,Negative
베브릿지 한국외대,메뉴가 많이 사라지면서 특색있는 메뉴 많이 없어짐 시나몬 들어간 라떼? 같은거 시켯는데 걍 믹스커피맛양은 근데 겁나 많음가성비 좋아요 음료로 배채우기 가능 분위기는 뭔가 테이블 따닥따닥 붙어있어 애매컹스,믹스커피맛,Negative
베브릿지 한국외대,메뉴가 많이 사라지면서 특색있는 메뉴 많이 없어짐 시나몬 들어간 라떼? 같은거 시켯는데 걍 믹스커피맛양은 근데 겁나 많음가성비 좋아요 음료로 배채우기 가능 분위기는 뭔가 테이블 따닥따닥 붙어있어 애매컹스,가성비 좋음,Positive
베브릿지 한국외대,메뉴가 많이 사라지면서 특색있는 메뉴 많이 없어짐 시나몬 들어간 라떼? 같은거 시켯는데 걍 믹스커피맛양은 근데 겁나 많음가성비 좋아요 음료로 배채우기 가능 분위기는 뭔가 테이블 따닥따닥 붙어있어 애매컹스,테이블 붙어있어,Negative
베브릿지 한국외대,코코넛 너무너무조아,코코넛,Positive
베브릿지 한국외대,맛 누텔라쉐이크 혈당 고점찍어버리는 맛있게 단맛서비스 평범인테리어 공항느낌 커여움 테이블은 많은데 간격이 좁은편입니다기타 컨셉이 재밌고 귀여워요. 음료마다 글귀 써진 택같은걸 줍니다.,맛 누텔라쉐이크,Positive
베브릿지 한국외대,맛 누텔라쉐이크 혈당 고점찍어버리는 맛있게 단맛서비스 평범인테리어 공항느낌 커여움 테이블은 많은데 간격이 좁은편입니다기타 컨셉이 재밌고 귀여워요. 음료마다 글귀 써진 택같은걸 줍니다.,서비스 평범,Negative
베브릿지 한국외대,맛 누텔라쉐이크 혈당 고점찍어버리는 맛있게 단맛서비스 평범인테리어 공항느낌 커여움 테이블은 많은데 간격이 좁은편입니다기타 컨셉이 재밌고 귀여워요. 음료마다 글귀 써진 택같은걸 줍니다.,인테리어 공항느낌,Positive
베브릿지 한국외대,맛 누텔라쉐이크 혈당 고점찍어버리는 맛있게 단맛서비스 평범인테리어 공항느낌 커여움 테이블은 많은데 간격이 좁은편입니다기타 컨셉이 재밌고 귀여워요. 음료마다 글귀 써진 택같은걸 줍니다.,테이블 간격 좁은,Negative
베브릿지 한국외대,맛 누텔라쉐이크 혈당 고점찍어버리는 맛있게 단맛서비스 평범인테리어 공항느낌 커여움 테이블은 많은데 간격이 좁은편입니다기타 컨셉이 재밌고 귀여워요. 음료마다 글귀 써진 택같은걸 줍니다.,컨셉 재밌고 귀여움,Positive
베브릿지 한국외대,맛없어요 다 기성품 맛 . 뭐 대단한거마냥 홍보하는게 웃기네,기성품 맛,Negative
베브릿지 한국외대,맛없어요 다 기성품 맛 . 뭐 대단한거마냥 홍보하는게 웃기네,홍보,Negative
베브릿지 한국외대,맛없어요 다 기성품 맛 . 뭐 대단한거마냥 홍보하는게 웃기네,맛없어요,Negative
베브릿지 한국외대,코코넛커피랑 기본 펄밀크티 먹었는데 둘다 맛있어요! 당도조절도 가능한 것도 좋고 펄도 맛있네요,코코넛커피,Positive
베브릿지 한국외대,코코넛커피랑 기본 펄밀크티 먹었는데 둘다 맛있어요! 당도조절도 가능한 것도 좋고 펄도 맛있네요,펄밀크티,Positive
베브릿지 한국외대,코코넛커피랑 기본 펄밀크티 먹었는데 둘다 맛있어요! 당도조절도 가능한 것도 좋고 펄도 맛있네요,맛있어요,Positive
베브릿지 한국외대,코코넛커피랑 기본 펄밀크티 먹었는데 둘다 맛있어요! 당도조절도 가능한 것도 좋고 펄도 맛있네요,당도조절 가능,Positive
베브릿지 한국외대,코코넛커피랑 기본 펄밀크티 먹었는데 둘다 맛있어요! 당도조절도 가능한 것도 좋고 펄도 맛있네요,펄 맛있다,Positive
베브릿지 한국외대,컨셉이 재미있고 밀크티가 맛나요,컨셉,Positive
베브릿지 한국외대,컨셉이 재미있고 밀크티가 맛나요,밀크티 맛,Positive
베브릿지 한국외대,맛있어요컨셉 특이하고 음료 종류가 정말 다양함오르차따 신또가 특히 맛있음,맛있어요,Positive
베브릿지 한국외대,맛있어요컨셉 특이하고 음료 종류가 정말 다양함오르차따 신또가 특히 맛있음,컨셉 특이하고,Positive
베브릿지 한국외대,맛있어요컨셉 특이하고 음료 종류가 정말 다양함오르차따 신또가 특히 맛있음,음료 종류가 다양함,Positive
베브릿지 한국외대,맛있어요컨셉 특이하고 음료 종류가 정말 다양함오르차따 신또가 특히 맛있음,오르차따 신또가 맛있음,Positive
베브릿지 한국외대,음료종류도 많고 맛있다.,음료종류,Positive
베브릿지 한국외대,음료종류도 많고 맛있다.,맛있다,Positive
베브릿지 한국외대,음료도 다 맛있구...라떼처돌인데 가격도 싸고 괜찮아영 넘나 좋은 것...,음료 맛,Positive
베브릿지 한국외대,음료도 다 맛있구...라떼처돌인데 가격도 싸고 괜찮아영 넘나 좋은 것...,라떼 가격,Positive
베브릿지 한국외대,너무 조아하는 카페,카페,Positive
베브릿지 한국외대,세계음료포장이 좋음,포장,Positive
베브릿지 한국외대,저렴한 테이크아웃 가격 맛도 좋음,저렴한 가격,Positive
베브릿지 한국외대,저렴한 테이크아웃 가격 맛도 좋음,맛도 좋음,Positive
베브릿지 한국외대,공간이 더 넓었으면... ,공간,Negative
베브릿지 한국외대,누텔라쉐이크 말차라떼맛있는데 헤비하다.,누텔라쉐이크,Positive
베브릿지 한국외대,누텔라쉐이크 말차라떼맛있는데 헤비하다.,말차라떼,Positive
베브릿지 한국외대,누텔라쉐이크 말차라떼맛있는데 헤비하다.,헤비하다,Negative
베브릿지 한국외대,마일로 공룡은 최고,최고,Positive
서가네 정육식당 본점,잘 먹었어용,맛,Positive
서가네 정육식당 본점,여기 육개장소국밥 고기에서 냄새가 너무 나요일반 살코기는 그나마 괜찮은데 지방 껴있는 부위는 진짜 씹다가 못 삼키겠습니다..,육개장소국밥 고기,Negative
서가네 정육식당 본점,여기 육개장소국밥 고기에서 냄새가 너무 나요일반 살코기는 그나마 괜찮은데 지방 껴있는 부위는 진짜 씹다가 못 삼키겠습니다..,냄새,Negative
서가네 정육식당 본점,여기 육개장소국밥 고기에서 냄새가 너무 나요일반 살코기는 그나마 괜찮은데 지방 껴있는 부위는 진짜 씹다가 못 삼키겠습니다..,살코기,Positive
서가네 정육식당 본점,여기 육개장소국밥 고기에서 냄새가 너무 나요일반 살코기는 그나마 괜찮은데 지방 껴있는 부위는 진짜 씹다가 못 삼키겠습니다..,지방 껴있는 부위,Negative
서가네 정육식당 본점,여기 육개장소국밥 고기에서 냄새가 너무 나요일반 살코기는 그나마 괜찮은데 지방 껴있는 부위는 진짜 씹다가 못 삼키겠습니다..,씹다가 못 삼키겠다,Negative
서가네 정육식당 본점,너무 맛있어요. ,맛,Positive
서가네 정육식당 본점,정말 맛나요.,맛나요,Positive
서가네 정육식당 본점,작은소한마리를 주문했는데 2인은 충분히 먹고도 남아요단체모임을 하려고도 해요추천추천해요첨이지만 또 오렵니다.돈육이든 우육이든 즐기시기 좋아요.강추예요.서비스 육회도 멋져요.,양,Positive
서가네 정육식당 본점,작은소한마리를 주문했는데 2인은 충분히 먹고도 남아요단체모임을 하려고도 해요추천추천해요첨이지만 또 오렵니다.돈육이든 우육이든 즐기시기 좋아요.강추예요.서비스 육회도 멋져요.,추천,Positive
서가네 정육식당 본점,작은소한마리를 주문했는데 2인은 충분히 먹고도 남아요단체모임을 하려고도 해요추천추천해요첨이지만 또 오렵니다.돈육이든 우육이든 즐기시기 좋아요.강추예요.서비스 육회도 멋져요.,돈육,Positive
서가네 정육식당 본점,작은소한마리를 주문했는데 2인은 충분히 먹고도 남아요단체모임을 하려고도 해요추천추천해요첨이지만 또 오렵니다.돈육이든 우육이든 즐기시기 좋아요.강추예요.서비스 육회도 멋져요.,우육,Positive
서가네 정육식당 본점,작은소한마리를 주문했는데 2인은 충분히 먹고도 남아요단체모임을 하려고도 해요추천추천해요첨이지만 또 오렵니다.돈육이든 우육이든 즐기시기 좋아요.강추예요.서비스 육회도 멋져요.,서비스,Positive
서가네 정육식당 본점,음식도 너무 맛있고 서비스도 정말 좋았다 ,음식,Positive
서가네 정육식당 본점,음식도 너무 맛있고 서비스도 정말 좋았다 ,맛있고,Positive
서가네 정육식당 본점,음식도 너무 맛있고 서비스도 정말 좋았다 ,서비스,Positive
이상한떡볶이집,함박스테이크 시켰는데 당근 가지 버섯 애호박 브로콜리가 몇 조각씩 곁들여있어서 좋았어요.근데당근이 하게 익지 않았어요제 기준에선 잘 못 구워졌어요그거 빼곤 맛있었어용,당근 가지 버섯 애호박 브로콜리,Positive
이상한떡볶이집,함박스테이크 시켰는데 당근 가지 버섯 애호박 브로콜리가 몇 조각씩 곁들여있어서 좋았어요.근데당근이 하게 익지 않았어요제 기준에선 잘 못 구워졌어요그거 빼곤 맛있었어용,당근 익지 않음,Negative
이상한떡볶이집,함박스테이크 시켰는데 당근 가지 버섯 애호박 브로콜리가 몇 조각씩 곁들여있어서 좋았어요.근데당근이 하게 익지 않았어요제 기준에선 잘 못 구워졌어요그거 빼곤 맛있었어용,맛있었어용,Positive
이상한떡볶이집,낫b 떡볶이랑 김치볶음밥이 맛있어요,떡볶이 맛,Positive
이상한떡볶이집,낫b 떡볶이랑 김치볶음밥이 맛있어요,김치볶음밥,Positive
이상한떡볶이집,주인 바뀌고 불친절하고 맛도 변함,주인 바뀌고,Negative
이상한떡볶이집,주인 바뀌고 불친절하고 맛도 변함,불친절하고,Negative
이상한떡볶이집,주인 바뀌고 불친절하고 맛도 변함,맛도 변함,Negative
이상한떡볶이집,날치알 크림파스타와 김치볶음밥 같이먹으니까 맛있네요!떡볶이는 서비스입니다,날치알 크림파스타,Positive
이상한떡볶이집,날치알 크림파스타와 김치볶음밥 같이먹으니까 맛있네요!떡볶이는 서비스입니다,김치볶음밥,Positive
이상한떡볶이집,날치알 크림파스타와 김치볶음밥 같이먹으니까 맛있네요!떡볶이는 서비스입니다,떡볶이 서비스,Positive
이상한떡볶이집,위생이 정말정말 최악.. 맛있는데 이제 위생 때문에 안 가요,위생,Negative
이상한떡볶이집,위생이 정말정말 최악.. 맛있는데 이제 위생 때문에 안 가요,맛있다,Positive
이상한떡볶이집,포장해서 먹었는데 떡볶이가 개맛있어요 .. 가서 먹으면 안 좋은 평가들이 많던데 제가 포장해서 먹어서 그런건가용??? 어쨌든 기숙사 사는 사람에겐 최고의 포장 맛집 엄마의 손맛..,떡볶이 맛,Positive
이상한떡볶이집,포장해서 먹었는데 떡볶이가 개맛있어요 .. 가서 먹으면 안 좋은 평가들이 많던데 제가 포장해서 먹어서 그런건가용??? 어쨌든 기숙사 사는 사람에겐 최고의 포장 맛집 엄마의 손맛..,포장 맛집,Positive
이상한떡볶이집,포장해서 먹었는데 떡볶이가 개맛있어요 .. 가서 먹으면 안 좋은 평가들이 많던데 제가 포장해서 먹어서 그런건가용??? 어쨌든 기숙사 사는 사람에겐 최고의 포장 맛집 엄마의 손맛..,엄마의 손맛,Positive
이상한떡볶이집,포장해서 먹었는데 떡볶이가 개맛있어요 .. 가서 먹으면 안 좋은 평가들이 많던데 제가 포장해서 먹어서 그런건가용??? 어쨌든 기숙사 사는 사람에겐 최고의 포장 맛집 엄마의 손맛..,안 좋은 평가들,Negative
이상한떡볶이집,포장해서 먹었는데 떡볶이가 개맛있어요 .. 가서 먹으면 안 좋은 평가들이 많던데 제가 포장해서 먹어서 그런건가용??? 어쨌든 기숙사 사는 사람에겐 최고의 포장 맛집 엄마의 손맛..,기숙사 사는 사람에겐 최고,Positive
이상한떡볶이집,떡볶이는 그냥 공짜로 주는 수준의 떡볶이한식뷔페 수준. 데리야끼 메뉴는 맛있었고 김볶은 너무 짜고 별로. 다른것도 먹어볼 예정,떡볶이,Negative
이상한떡볶이집,떡볶이는 그냥 공짜로 주는 수준의 떡볶이한식뷔페 수준. 데리야끼 메뉴는 맛있었고 김볶은 너무 짜고 별로. 다른것도 먹어볼 예정,데리야끼 메뉴,Positive
이상한떡볶이집,떡볶이는 그냥 공짜로 주는 수준의 떡볶이한식뷔페 수준. 데리야끼 메뉴는 맛있었고 김볶은 너무 짜고 별로. 다른것도 먹어볼 예정,김볶,Negative
이상한떡볶이집,떡볶이는 그냥 공짜로 주는 수준의 떡볶이한식뷔페 수준. 데리야끼 메뉴는 맛있었고 김볶은 너무 짜고 별로. 다른것도 먹어볼 예정,한식뷔페 수준,Negative
이상한떡볶이집,크림파스타랑 김볶시켰는데 크림파스타는 소스 맛있는데 개인적으로 꾸덕한게 취향이라 별루고 김볶이 맛있어요사이드 떡볶이도 맛있구요,크림파스타 소스 맛있다,Positive
이상한떡볶이집,크림파스타랑 김볶시켰는데 크림파스타는 소스 맛있는데 개인적으로 꾸덕한게 취향이라 별루고 김볶이 맛있어요사이드 떡볶이도 맛있구요,크림파스타 꾸덕하지 않다,Negative
이상한떡볶이집,크림파스타랑 김볶시켰는데 크림파스타는 소스 맛있는데 개인적으로 꾸덕한게 취향이라 별루고 김볶이 맛있어요사이드 떡볶이도 맛있구요,김볶이 맛있다,Positive
이상한떡볶이집,크림파스타랑 김볶시켰는데 크림파스타는 소스 맛있는데 개인적으로 꾸덕한게 취향이라 별루고 김볶이 맛있어요사이드 떡볶이도 맛있구요,사이드 떡볶이 맛있다,Positive
이상한떡볶이집,살짝 느끼한데 굿,살짝 느끼한,Negative
이상한떡볶이집,살짝 느끼한데 굿,굿,Positive
이상한떡볶이집,동기들끼리 간단하게 먹기 좋은 곳 특출나게 맛있는 메뉴는 모르겠지만 다 평타이상인듯,간단하게 먹기 좋은 곳,Positive
이상한떡볶이집,동기들끼리 간단하게 먹기 좋은 곳 특출나게 맛있는 메뉴는 모르겠지만 다 평타이상인듯,특출나게 맛있는 메뉴는 모르겠지만,Negative
이상한떡볶이집,동기들끼리 간단하게 먹기 좋은 곳 특출나게 맛있는 메뉴는 모르겠지만 다 평타이상인듯,다 평타이상인듯,Positive
이상한떡볶이집,날치알크림파스타 김볶탄수탄수탄수82크림파스타도 맛있고 김볶도 맛있고 떡볶이도 맛있긴 하다. 가성비가 좋다는 생각은 들지 않지만 자극적이고 유치하고 건강과 거리가 먼 한 끼가 땡긴다면.,크림파스타 맛있고,Positive
이상한떡볶이집,날치알크림파스타 김볶탄수탄수탄수82크림파스타도 맛있고 김볶도 맛있고 떡볶이도 맛있긴 하다. 가성비가 좋다는 생각은 들지 않지만 자극적이고 유치하고 건강과 거리가 먼 한 끼가 땡긴다면.,김볶 맛있고,Positive
이상한떡볶이집,날치알크림파스타 김볶탄수탄수탄수82크림파스타도 맛있고 김볶도 맛있고 떡볶이도 맛있긴 하다. 가성비가 좋다는 생각은 들지 않지만 자극적이고 유치하고 건강과 거리가 먼 한 끼가 땡긴다면.,떡볶이 맛있다,Positive
이상한떡볶이집,날치알크림파스타 김볶탄수탄수탄수82크림파스타도 맛있고 김볶도 맛있고 떡볶이도 맛있긴 하다. 가성비가 좋다는 생각은 들지 않지만 자극적이고 유치하고 건강과 거리가 먼 한 끼가 땡긴다면.,가성비가 좋지 않다,Negative
이상한떡볶이집,날치알크림파스타 김볶탄수탄수탄수82크림파스타도 맛있고 김볶도 맛있고 떡볶이도 맛있긴 하다. 가성비가 좋다는 생각은 들지 않지만 자극적이고 유치하고 건강과 거리가 먼 한 끼가 땡긴다면.,자극적이고 유치한 음식,Negative
이상한떡볶이집,오므라이스 맛집,오므라이스,Positive
이상한떡볶이집,김볶 지림,김볶,Positive
이상한떡볶이집,맛있음,맛있음,Positive
이상한떡볶이집,음식나오기 전에 옆 빈테이블 위에 조그만 집바퀴 기어다녀서 일단 기분 나빴고 데리야끼 덮밥? 볶음밥? 도 다 타서 나와서 기분나빴음. 사과 한마디도 없고 다시는 안간다.,조그만 집바퀴,Negative
이상한떡볶이집,음식나오기 전에 옆 빈테이블 위에 조그만 집바퀴 기어다녀서 일단 기분 나빴고 데리야끼 덮밥? 볶음밥? 도 다 타서 나와서 기분나빴음. 사과 한마디도 없고 다시는 안간다.,데리야끼 덮밥,Negative
이상한떡볶이집,음식나오기 전에 옆 빈테이블 위에 조그만 집바퀴 기어다녀서 일단 기분 나빴고 데리야끼 덮밥? 볶음밥? 도 다 타서 나와서 기분나빴음. 사과 한마디도 없고 다시는 안간다.,볶음밥,Negative
이상한떡볶이집,음식나오기 전에 옆 빈테이블 위에 조그만 집바퀴 기어다녀서 일단 기분 나빴고 데리야끼 덮밥? 볶음밥? 도 다 타서 나와서 기분나빴음. 사과 한마디도 없고 다시는 안간다.,사과 한마디도 없고,Negative
이상한떡볶이집,떡볶이가 리필되는 특이한 곳,떡볶이,Positive
이상한떡볶이집,떡볶이가 리필되는 특이한 곳,리필되는,Positive
이상한떡볶이집,흐음.. 여기 학생이라면 가볼만 하지만 먼 곳에서 와서 먹을 맛은 아니에요.그냥 평범한 분식맛,학생이라면 가볼만,Positive
이상한떡볶이집,흐음.. 여기 학생이라면 가볼만 하지만 먼 곳에서 와서 먹을 맛은 아니에요.그냥 평범한 분식맛,먼 곳에서 와서 먹을 맛 아님,Negative
이상한떡볶이집,흐음.. 여기 학생이라면 가볼만 하지만 먼 곳에서 와서 먹을 맛은 아니에요.그냥 평범한 분식맛,평범한 분식맛,Negative
이상한떡볶이집,김치볶음밥마가린 베이스에 맛있음딱자취맛가격은 내용물에 비해 다소 비싼듯 떡볶이포함을 세트로해서 따로 팔아서 선택폭을 넓히는게 좋을듯매장에서 먹을시 불편비누없음 손씻는곳 없음 앉는곳 불편 및 더러움 좁음포장시 괜찮음. 포장이 신의 한수재방문의사52퍼,마가린 베이스에 맛있음,Positive
이상한떡볶이집,김치볶음밥마가린 베이스에 맛있음딱자취맛가격은 내용물에 비해 다소 비싼듯 떡볶이포함을 세트로해서 따로 팔아서 선택폭을 넓히는게 좋을듯매장에서 먹을시 불편비누없음 손씻는곳 없음 앉는곳 불편 및 더러움 좁음포장시 괜찮음. 포장이 신의 한수재방문의사52퍼,가격은 내용물에 비해 다소 비싼듯,Negative
이상한떡볶이집,김치볶음밥마가린 베이스에 맛있음딱자취맛가격은 내용물에 비해 다소 비싼듯 떡볶이포함을 세트로해서 따로 팔아서 선택폭을 넓히는게 좋을듯매장에서 먹을시 불편비누없음 손씻는곳 없음 앉는곳 불편 및 더러움 좁음포장시 괜찮음. 포장이 신의 한수재방문의사52퍼,매장에서 먹을시 불편,Negative
이상한떡볶이집,김치볶음밥마가린 베이스에 맛있음딱자취맛가격은 내용물에 비해 다소 비싼듯 떡볶이포함을 세트로해서 따로 팔아서 선택폭을 넓히는게 좋을듯매장에서 먹을시 불편비누없음 손씻는곳 없음 앉는곳 불편 및 더러움 좁음포장시 괜찮음. 포장이 신의 한수재방문의사52퍼,포장시 괜찮음,Positive
이상한떡볶이집,김치볶음밥마가린 베이스에 맛있음딱자취맛가격은 내용물에 비해 다소 비싼듯 떡볶이포함을 세트로해서 따로 팔아서 선택폭을 넓히는게 좋을듯매장에서 먹을시 불편비누없음 손씻는곳 없음 앉는곳 불편 및 더러움 좁음포장시 괜찮음. 포장이 신의 한수재방문의사52퍼,앉는곳 불편 및 더러움 좁음,Negative
이상한떡볶이집,한 끼 먹기 좋은 곳 다만 추천할만한 곳은 아니다,한 끼 먹기 좋은 곳,Positive
이상한떡볶이집,한 끼 먹기 좋은 곳 다만 추천할만한 곳은 아니다,추천할만한 곳은 아니다,Negative
이상한떡볶이집,무난하게 올만한 집 치킨스톡의 맛이 나요,무난하게,Positive
이상한떡볶이집,무난하게 올만한 집 치킨스톡의 맛이 나요,치킨스톡의 맛,Negative
이상한떡볶이집,떡볶이가 최고 김볶 별거아닌거같은데 자꾸 생각나요메인은 평범보다 좀 더 마싯는 정도 사이드 떡볶이 짱,떡볶이,Positive
이상한떡볶이집,떡볶이가 최고 김볶 별거아닌거같은데 자꾸 생각나요메인은 평범보다 좀 더 마싯는 정도 사이드 떡볶이 짱,김볶,Positive
이상한떡볶이집,떡볶이가 최고 김볶 별거아닌거같은데 자꾸 생각나요메인은 평범보다 좀 더 마싯는 정도 사이드 떡볶이 짱,메인 요리,Positive
이상한떡볶이집,떡볶이가 최고 김볶 별거아닌거같은데 자꾸 생각나요메인은 평범보다 좀 더 마싯는 정도 사이드 떡볶이 짱,떡볶이 짱,Positive
이상한떡볶이집,추억이 많은 이떡집! 갈 때마다 변함없이 맛있어요,추억이 많은,Positive
이상한떡볶이집,추억이 많은 이떡집! 갈 때마다 변함없이 맛있어요,맛있어요,Positive
이상한떡볶이집,추억이 많은 이떡집! 갈 때마다 변함없이 맛있어요,변함없이,Positive
이상한떡볶이집,특별하진않음,맛,Negative
이상한떡볶이집,특별하진않음,분위기,Negative
이상한떡볶이집,팬스테이크가 가격에 비해 너무 조금이라니...대식가이신가보네요 제가 알바해봐서 아는데 팬스테이크 양 먹다보면 배불러서 많이 남아서 버리는게 반 이상일때도 많구요 팬스테이크 밥은 부족하면 리필 가능합니다 오므라이스가 제가 먹어봐서 느끼기엔 느끼한지 모르겠는데 만약 느끼하셧으면 소스 좀 더 달라하셔도 괜찮습니다 소스가 짜니까 적절히 조절해서 드심됩니다굳이 주차장도 없는데 찾아온 보람은 없네요라 하면... 그렇죠 여기는 대학가 근처에 있고 대부분 학생분들이 밥을 많이 먹으러 오는 곳이니 굳이 찾아와서 먹을 정도의 맛집은 아니니까요 자리이동은 강요가 아니라 양해를 구하신건데 불편하셨다면 죄송합니다그리고 알바생이었던 사람으로써 개인적으로 추천하는 조합은 김치볶음밥날치새우크림파스타 조합이 잘 어울린다고 생각합니다그리고 베이컨크림링귀니라는 메뉴가 있는데 많은 분들이 링귀니가 뭔지 모르시는 분들이 많아서 설명을 드리자면 링귀니는 면 이름인데 일반 파스타면보다 조금 더 굵은 면입니다.,팬스테이크 양,Negative
이상한떡볶이집,팬스테이크가 가격에 비해 너무 조금이라니...대식가이신가보네요 제가 알바해봐서 아는데 팬스테이크 양 먹다보면 배불러서 많이 남아서 버리는게 반 이상일때도 많구요 팬스테이크 밥은 부족하면 리필 가능합니다 오므라이스가 제가 먹어봐서 느끼기엔 느끼한지 모르겠는데 만약 느끼하셧으면 소스 좀 더 달라하셔도 괜찮습니다 소스가 짜니까 적절히 조절해서 드심됩니다굳이 주차장도 없는데 찾아온 보람은 없네요라 하면... 그렇죠 여기는 대학가 근처에 있고 대부분 학생분들이 밥을 많이 먹으러 오는 곳이니 굳이 찾아와서 먹을 정도의 맛집은 아니니까요 자리이동은 강요가 아니라 양해를 구하신건데 불편하셨다면 죄송합니다그리고 알바생이었던 사람으로써 개인적으로 추천하는 조합은 김치볶음밥날치새우크림파스타 조합이 잘 어울린다고 생각합니다그리고 베이컨크림링귀니라는 메뉴가 있는데 많은 분들이 링귀니가 뭔지 모르시는 분들이 많아서 설명을 드리자면 링귀니는 면 이름인데 일반 파스타면보다 조금 더 굵은 면입니다.,오므라이스 맛,Positive
이상한떡볶이집,팬스테이크가 가격에 비해 너무 조금이라니...대식가이신가보네요 제가 알바해봐서 아는데 팬스테이크 양 먹다보면 배불러서 많이 남아서 버리는게 반 이상일때도 많구요 팬스테이크 밥은 부족하면 리필 가능합니다 오므라이스가 제가 먹어봐서 느끼기엔 느끼한지 모르겠는데 만약 느끼하셧으면 소스 좀 더 달라하셔도 괜찮습니다 소스가 짜니까 적절히 조절해서 드심됩니다굳이 주차장도 없는데 찾아온 보람은 없네요라 하면... 그렇죠 여기는 대학가 근처에 있고 대부분 학생분들이 밥을 많이 먹으러 오는 곳이니 굳이 찾아와서 먹을 정도의 맛집은 아니니까요 자리이동은 강요가 아니라 양해를 구하신건데 불편하셨다면 죄송합니다그리고 알바생이었던 사람으로써 개인적으로 추천하는 조합은 김치볶음밥날치새우크림파스타 조합이 잘 어울린다고 생각합니다그리고 베이컨크림링귀니라는 메뉴가 있는데 많은 분들이 링귀니가 뭔지 모르시는 분들이 많아서 설명을 드리자면 링귀니는 면 이름인데 일반 파스타면보다 조금 더 굵은 면입니다.,주차장 부재,Negative
이상한떡볶이집,팬스테이크가 가격에 비해 너무 조금이라니...대식가이신가보네요 제가 알바해봐서 아는데 팬스테이크 양 먹다보면 배불러서 많이 남아서 버리는게 반 이상일때도 많구요 팬스테이크 밥은 부족하면 리필 가능합니다 오므라이스가 제가 먹어봐서 느끼기엔 느끼한지 모르겠는데 만약 느끼하셧으면 소스 좀 더 달라하셔도 괜찮습니다 소스가 짜니까 적절히 조절해서 드심됩니다굳이 주차장도 없는데 찾아온 보람은 없네요라 하면... 그렇죠 여기는 대학가 근처에 있고 대부분 학생분들이 밥을 많이 먹으러 오는 곳이니 굳이 찾아와서 먹을 정도의 맛집은 아니니까요 자리이동은 강요가 아니라 양해를 구하신건데 불편하셨다면 죄송합니다그리고 알바생이었던 사람으로써 개인적으로 추천하는 조합은 김치볶음밥날치새우크림파스타 조합이 잘 어울린다고 생각합니다그리고 베이컨크림링귀니라는 메뉴가 있는데 많은 분들이 링귀니가 뭔지 모르시는 분들이 많아서 설명을 드리자면 링귀니는 면 이름인데 일반 파스타면보다 조금 더 굵은 면입니다.,자리이동 요청,Negative
이상한떡볶이집,팬스테이크가 가격에 비해 너무 조금이라니...대식가이신가보네요 제가 알바해봐서 아는데 팬스테이크 양 먹다보면 배불러서 많이 남아서 버리는게 반 이상일때도 많구요 팬스테이크 밥은 부족하면 리필 가능합니다 오므라이스가 제가 먹어봐서 느끼기엔 느끼한지 모르겠는데 만약 느끼하셧으면 소스 좀 더 달라하셔도 괜찮습니다 소스가 짜니까 적절히 조절해서 드심됩니다굳이 주차장도 없는데 찾아온 보람은 없네요라 하면... 그렇죠 여기는 대학가 근처에 있고 대부분 학생분들이 밥을 많이 먹으러 오는 곳이니 굳이 찾아와서 먹을 정도의 맛집은 아니니까요 자리이동은 강요가 아니라 양해를 구하신건데 불편하셨다면 죄송합니다그리고 알바생이었던 사람으로써 개인적으로 추천하는 조합은 김치볶음밥날치새우크림파스타 조합이 잘 어울린다고 생각합니다그리고 베이컨크림링귀니라는 메뉴가 있는데 많은 분들이 링귀니가 뭔지 모르시는 분들이 많아서 설명을 드리자면 링귀니는 면 이름인데 일반 파스타면보다 조금 더 굵은 면입니다.,김치볶음밥 날치새우크림파스타 조합,Positive
이상한떡볶이집,내돈주고 내가먹고 쓴 후기입니다. 팬스테이크 가격에 비해 너무 조금이구요. 오므라이스도 너무 느끼하네요. 담백한 맛을 좋아하시는 분들께만 비추입니다. 굳이 주차장도 없는데 찾아온 보람은 없네요. 사장님이 자리이동은 불가하다고 써놓으셨지만 단체손님이 오니 자리양보를 강요하시더군요. 허허,팬스테이크 가격,Negative
이상한떡볶이집,내돈주고 내가먹고 쓴 후기입니다. 팬스테이크 가격에 비해 너무 조금이구요. 오므라이스도 너무 느끼하네요. 담백한 맛을 좋아하시는 분들께만 비추입니다. 굳이 주차장도 없는데 찾아온 보람은 없네요. 사장님이 자리이동은 불가하다고 써놓으셨지만 단체손님이 오니 자리양보를 강요하시더군요. 허허,오므라이스 맛,Negative
이상한떡볶이집,내돈주고 내가먹고 쓴 후기입니다. 팬스테이크 가격에 비해 너무 조금이구요. 오므라이스도 너무 느끼하네요. 담백한 맛을 좋아하시는 분들께만 비추입니다. 굳이 주차장도 없는데 찾아온 보람은 없네요. 사장님이 자리이동은 불가하다고 써놓으셨지만 단체손님이 오니 자리양보를 강요하시더군요. 허허,주차장,Negative
이상한떡볶이집,내돈주고 내가먹고 쓴 후기입니다. 팬스테이크 가격에 비해 너무 조금이구요. 오므라이스도 너무 느끼하네요. 담백한 맛을 좋아하시는 분들께만 비추입니다. 굳이 주차장도 없는데 찾아온 보람은 없네요. 사장님이 자리이동은 불가하다고 써놓으셨지만 단체손님이 오니 자리양보를 강요하시더군요. 허허,자리양보 강요,Negative
153스트리트,포장이 정성스러웠어요. 버거는 패티랑 소스가 궁합이 좋았고 감튀도 정석적으로 맛있었습니다.,포장,Positive
153스트리트,포장이 정성스러웠어요. 버거는 패티랑 소스가 궁합이 좋았고 감튀도 정석적으로 맛있었습니다.,패티,Positive
153스트리트,포장이 정성스러웠어요. 버거는 패티랑 소스가 궁합이 좋았고 감튀도 정석적으로 맛있었습니다.,소스,Positive
153스트리트,포장이 정성스러웠어요. 버거는 패티랑 소스가 궁합이 좋았고 감튀도 정석적으로 맛있었습니다.,버거,Positive
153스트리트,포장이 정성스러웠어요. 버거는 패티랑 소스가 궁합이 좋았고 감튀도 정석적으로 맛있었습니다.,감튀,Positive
153스트리트,매장에서 먹는건 종이포장 없이 나오는데 기름뚝뚝 떨어지고 손에 엄청 묻음예전에 배달 시켰을 땐 맛있었는데 이번엔 너무 느끼해서 별로였음매장 안에 휴지도 배치 안돼있고 종업원은 한국말을 하는건지 외국어를 하는건지 구분도 안갈 말을 해서 알아듣기 힘들음,종이포장 없이 나오는 음식,Negative
153스트리트,매장에서 먹는건 종이포장 없이 나오는데 기름뚝뚝 떨어지고 손에 엄청 묻음예전에 배달 시켰을 땐 맛있었는데 이번엔 너무 느끼해서 별로였음매장 안에 휴지도 배치 안돼있고 종업원은 한국말을 하는건지 외국어를 하는건지 구분도 안갈 말을 해서 알아듣기 힘들음,기름뚝뚝 떨어지다,Negative
153스트리트,매장에서 먹는건 종이포장 없이 나오는데 기름뚝뚝 떨어지고 손에 엄청 묻음예전에 배달 시켰을 땐 맛있었는데 이번엔 너무 느끼해서 별로였음매장 안에 휴지도 배치 안돼있고 종업원은 한국말을 하는건지 외국어를 하는건지 구분도 안갈 말을 해서 알아듣기 힘들음,손에 엄청 묻음,Negative
153스트리트,매장에서 먹는건 종이포장 없이 나오는데 기름뚝뚝 떨어지고 손에 엄청 묻음예전에 배달 시켰을 땐 맛있었는데 이번엔 너무 느끼해서 별로였음매장 안에 휴지도 배치 안돼있고 종업원은 한국말을 하는건지 외국어를 하는건지 구분도 안갈 말을 해서 알아듣기 힘들음,이번엔 너무 느끼하다,Negative
153스트리트,매장에서 먹는건 종이포장 없이 나오는데 기름뚝뚝 떨어지고 손에 엄청 묻음예전에 배달 시켰을 땐 맛있었는데 이번엔 너무 느끼해서 별로였음매장 안에 휴지도 배치 안돼있고 종업원은 한국말을 하는건지 외국어를 하는건지 구분도 안갈 말을 해서 알아듣기 힘들음,매장 안에 휴지 배치 안돼있다,Negative
153스트리트,매장에서 먹는건 종이포장 없이 나오는데 기름뚝뚝 떨어지고 손에 엄청 묻음예전에 배달 시켰을 땐 맛있었는데 이번엔 너무 느끼해서 별로였음매장 안에 휴지도 배치 안돼있고 종업원은 한국말을 하는건지 외국어를 하는건지 구분도 안갈 말을 해서 알아듣기 힘들음,종업원 말 알아듣기 힘들다,Negative
153스트리트,맛있습니다,맛,Positive
153스트리트,매버릭에 패티추가 저렴한 가격에 뛰어난 퀄리티를 맛볼 수 있다.,패티추가 가격,Positive
153스트리트,매버릭에 패티추가 저렴한 가격에 뛰어난 퀄리티를 맛볼 수 있다.,뛰어난 퀄리티,Positive
153스트리트,사이버외대에 다니지만 오프라인 세미나가 있을 때면 거의 외대에 옵니다. 바로 153버거를 먹기위해서죠 자주 못 오는 곳이라 스트릿버거에 패티 추가한 것을 1개 단품 1개 세트로 해서 2개 먹고 갑니다. 외국에서 먹던 기름지고 육즙 가득한 버거의 맛을 고수하는 집입니다. 한국패치가 덜 된 버거를 원하시는 분들께 추천합니다.,기름지고 육즙 가득한 버거의 맛,Positive
153스트리트,사이버외대에 다니지만 오프라인 세미나가 있을 때면 거의 외대에 옵니다. 바로 153버거를 먹기위해서죠 자주 못 오는 곳이라 스트릿버거에 패티 추가한 것을 1개 단품 1개 세트로 해서 2개 먹고 갑니다. 외국에서 먹던 기름지고 육즙 가득한 버거의 맛을 고수하는 집입니다. 한국패치가 덜 된 버거를 원하시는 분들께 추천합니다.,패티 추가,Positive
153스트리트,사이버외대에 다니지만 오프라인 세미나가 있을 때면 거의 외대에 옵니다. 바로 153버거를 먹기위해서죠 자주 못 오는 곳이라 스트릿버거에 패티 추가한 것을 1개 단품 1개 세트로 해서 2개 먹고 갑니다. 외국에서 먹던 기름지고 육즙 가득한 버거의 맛을 고수하는 집입니다. 한국패치가 덜 된 버거를 원하시는 분들께 추천합니다.,외국에서 먹던 버거의 맛,Positive
153스트리트,소스가 머스타드인데 너무 짜고 안어울려요계란후라이말고 차라리 스크램블에그로 했으면...번도 고소한맛이 없음패티가 괜찮아서 다 먹긴함,소스가 머스타드인데 너무 짜고 안어울려요,Negative
153스트리트,소스가 머스타드인데 너무 짜고 안어울려요계란후라이말고 차라리 스크램블에그로 했으면...번도 고소한맛이 없음패티가 괜찮아서 다 먹긴함,계란후라이 말고 차라리 스크램블에그로 했으면,Negative
153스트리트,소스가 머스타드인데 너무 짜고 안어울려요계란후라이말고 차라리 스크램블에그로 했으면...번도 고소한맛이 없음패티가 괜찮아서 다 먹긴함,번도 고소한 맛이 없음,Negative
153스트리트,소스가 머스타드인데 너무 짜고 안어울려요계란후라이말고 차라리 스크램블에그로 했으면...번도 고소한맛이 없음패티가 괜찮아서 다 먹긴함,패티가 괜찮아서 다 먹긴함,Positive
153스트리트,사장님이 친절하십니다.맛도 좋습니다.,사장님이 친절하십니다,Positive
153스트리트,사장님이 친절하십니다.맛도 좋습니다.,맛도 좋습니다,Positive
153스트리트,맛으로만 이야기하면 1...,맛,Positive
153스트리트,수제버거를 좋아하는 일인이라서 양도 많고 맛도 좋고 배 부르게 잘 먹었어요,수제버거,Positive
153스트리트,수제버거를 좋아하는 일인이라서 양도 많고 맛도 좋고 배 부르게 잘 먹었어요,양도 많고,Positive
153스트리트,수제버거를 좋아하는 일인이라서 양도 많고 맛도 좋고 배 부르게 잘 먹었어요,맛도 좋고,Positive
153스트리트,수제버거를 좋아하는 일인이라서 양도 많고 맛도 좋고 배 부르게 잘 먹었어요,배 부르게,Positive
153스트리트,이전에 처음 오픈했을때 가보고 오랜만에 왔는데 좋은 가격의 메뉴들이 많이 생겼네요 베이컨버거세트 시켰는데 콜라랑 버거 구성인데 성인남성인데도 배부르네요 7900원으로 대만족입니다!,좋은 가격의 메뉴,Positive
153스트리트,이전에 처음 오픈했을때 가보고 오랜만에 왔는데 좋은 가격의 메뉴들이 많이 생겼네요 베이컨버거세트 시켰는데 콜라랑 버거 구성인데 성인남성인데도 배부르네요 7900원으로 대만족입니다!,베이컨버거세트,Positive
153스트리트,이전에 처음 오픈했을때 가보고 오랜만에 왔는데 좋은 가격의 메뉴들이 많이 생겼네요 베이컨버거세트 시켰는데 콜라랑 버거 구성인데 성인남성인데도 배부르네요 7900원으로 대만족입니다!,배부르네요,Positive
153스트리트,이전에 처음 오픈했을때 가보고 오랜만에 왔는데 좋은 가격의 메뉴들이 많이 생겼네요 베이컨버거세트 시켰는데 콜라랑 버거 구성인데 성인남성인데도 배부르네요 7900원으로 대만족입니다!,대만족,Positive
153스트리트,새로생겨서 가봤는데진짜 너무 맛없어요...,맛없어요,Negative
파치 외대점,학생 입장에서 간단히 먹기 좋은 곳. 양은 적습니다. 바질새우파스타 종종 생각남,학생 입장에서 간단히 먹기 좋은 곳,Positive
파치 외대점,학생 입장에서 간단히 먹기 좋은 곳. 양은 적습니다. 바질새우파스타 종종 생각남,양은 적습니다,Negative
파치 외대점,학생 입장에서 간단히 먹기 좋은 곳. 양은 적습니다. 바질새우파스타 종종 생각남,바질새우파스타,Positive
파치 외대점,맛있다 맛있다 맛있다,맛있다,Positive
파치 외대점,파스타랑 치킨 먹고 싶을 때 늘 오는 파치,파스타,Positive
파치 외대점,파스타랑 치킨 먹고 싶을 때 늘 오는 파치,치킨,Positive
파치 외대점,파스타랑 치킨 먹고 싶을 때 늘 오는 파치,늘 오는,Positive
파치 외대점,존맛 혼밥 파스타 리조또 조합 ,존맛,Positive
파치 외대점,존맛 혼밥 파스타 리조또 조합 ,혼밥,Positive
파치 외대점,존맛 혼밥 파스타 리조또 조합 ,파스타,Positive
파치 외대점,존맛 혼밥 파스타 리조또 조합 ,리조또,Positive
파치 외대점,존맛 혼밥 파스타 리조또 조합 ,조합,Positive
파치 외대점,매운새우토마토랑 간장치킨 먹었는데 파스타는 무난했고 간장치킨이 진짜 개존맛 지금까지 먹었던 간장치킨 탑티어 안에 듭니다 꼭 드세요 튀김옷은 바삭하고 간장 양념이 되게 묽어서 느끼하지않고 튀김의 바삭고소한 맛을 극대화시켜주면서 같이 있는 마늘칩까지 먹으면 이것이 간장마늘치킨..!,파스타,Positive
파치 외대점,매운새우토마토랑 간장치킨 먹었는데 파스타는 무난했고 간장치킨이 진짜 개존맛 지금까지 먹었던 간장치킨 탑티어 안에 듭니다 꼭 드세요 튀김옷은 바삭하고 간장 양념이 되게 묽어서 느끼하지않고 튀김의 바삭고소한 맛을 극대화시켜주면서 같이 있는 마늘칩까지 먹으면 이것이 간장마늘치킨..!,간장치킨,Positive
파치 외대점,매운새우토마토랑 간장치킨 먹었는데 파스타는 무난했고 간장치킨이 진짜 개존맛 지금까지 먹었던 간장치킨 탑티어 안에 듭니다 꼭 드세요 튀김옷은 바삭하고 간장 양념이 되게 묽어서 느끼하지않고 튀김의 바삭고소한 맛을 극대화시켜주면서 같이 있는 마늘칩까지 먹으면 이것이 간장마늘치킨..!,튀김옷,Positive
파치 외대점,매운새우토마토랑 간장치킨 먹었는데 파스타는 무난했고 간장치킨이 진짜 개존맛 지금까지 먹었던 간장치킨 탑티어 안에 듭니다 꼭 드세요 튀김옷은 바삭하고 간장 양념이 되게 묽어서 느끼하지않고 튀김의 바삭고소한 맛을 극대화시켜주면서 같이 있는 마늘칩까지 먹으면 이것이 간장마늘치킨..!,간장 양념,Positive
파치 외대점,매운새우토마토랑 간장치킨 먹었는데 파스타는 무난했고 간장치킨이 진짜 개존맛 지금까지 먹었던 간장치킨 탑티어 안에 듭니다 꼭 드세요 튀김옷은 바삭하고 간장 양념이 되게 묽어서 느끼하지않고 튀김의 바삭고소한 맛을 극대화시켜주면서 같이 있는 마늘칩까지 먹으면 이것이 간장마늘치킨..!,마늘칩,Positive
파치 외대점,양은 많았는데 맛은 무난함,양은 많았는데,Positive
파치 외대점,양은 많았는데 맛은 무난함,맛은 무난함,Negative
파치 외대점,혼밥 및 밥약 모두 적합한 곳 입니다.맛은 무난합니다.,혼밥 및 밥약 모두 적합한 곳,Positive
파치 외대점,혼밥 및 밥약 모두 적합한 곳 입니다.맛은 무난합니다.,맛은 무난합니다,Positive
파치 외대점,물가 안오른데가 어딨겠냐만은 양이 좀 많이 부족해요. 맛은 있음,물가,Negative
파치 외대점,물가 안오른데가 어딨겠냐만은 양이 좀 많이 부족해요. 맛은 있음,양이 부족,Negative
파치 외대점,물가 안오른데가 어딨겠냐만은 양이 좀 많이 부족해요. 맛은 있음,맛은 있음,Positive
파치 외대점,파스타로 끼니 때우기 최적인 곳,파스타,Positive
파치 외대점,파스타로 끼니 때우기 최적인 곳,끼니 때우기,Positive
